Query	Path_GraphAligner	Start_GraphAligner	End_GraphAligner	Node	Sequence_GraphAligner	Sequence
gb|AB113580|+|1329-2193|ARO:3002332|GES-3	32422725	93	956	<32422725		TGCGCTTCATTCACGCACTATTACTGGCAGGGATCGCTCACTCTGCATATGCGTCGGAAAAATTAACCTTCAAGACCGATCTTGAGAAGCTAGAGCGCGAAAAAGCAGCTCAGATCGGTGTTGCGATCGTCGATCCCCAAGGAGAGATCGTCGCGGGCCACCGAATGGCGCAGCGTTTTGCAATGTGCTCAACGTTCAAGTTTCCGCTAGCCGCGCTGGTCTTTGAAAGAATTGACTCAGGCACCGAGCGGGGGGATCGAAAACTTTCATATGGGCCGGACATGATCGTCGAATGGTCTCCTGCCACGGAGCGGTTTCTAGCATCGGGACACATGACGGTTCTCGAGGCAGCGCAAGCTGCGGTGCAGCTTAGCGACAATGGGGCTACTAACCTCTTACTGAGAGAAATTGGCGGACCTGCTGCAATGACGCAGTATTTTCGTAAAATTGGCGACTCTGTGAGTCGGCTAGACCGGAAAGAGCCGGAGATGAGCGACAACACACCTGGCGACCTCAGAGATACAACTACGCCTATTGCTATGGCACGTACTGTGGCTAAAGTCCTCTATGGCGGCGCACTGACGTCCACCTCGACCCACACCATTGAGAGGTGGCTGATCGGAAACCAAACGGGAGACGCGACACTACGAGCGGGTTTTCCTAAAGATTGGGTTGTTGGAGAGAAAACTGGTACCTGCGCCAACGGGGGCCGGAACGACATTGGTTTTTTTAAAGCCCAGGAGAGAGATTACGCTGTAGCGGTGTATACAACGGCCCCGAAACTATCGGCCGTAGAACGTGACGAATTAGTTGCCTCTGTCGGTCAAGTTATTACACAACTCATCCTGAGCACGGACAAATAGTTGACGCCCGTCTAACAATTCGT
gb|AB114632|+|655-1453|ARO:3002607|aadA7	26862905	61	858	<26862905		TGAGTGAAAAAGTGCCCGCCGAGATTTCGGTGCAACTATCACAAGCACTCAACGTCATCGGGCGCCACTTGGAGTCGACGTTGCTGGCCGTGCATTTGTACGGCTCCGCACTGGATGGCGGATTGAAACCGTACAGTGATATTGATTTGCTGGTGGCTGTAGCTGCACCGCTCAATGATGCCGTGCGGCAAGCCCTGCTCGTCGATCTCTTGGAGGTTTCAGCTTCCCCTGGCCAAAACAAGGCACTCCGCGCCTTGGAAGTGACCATCGTCGTGCACAGTGACATCGTACCTTGGCGTTATCCGGCCAGGCGGGAACTGCAGTTCGGAGAGTGGCAGCGCAAAGACATCCTTGCGGGCATCTTCGAGCCCGCCACAACCGATTCTGACTTGGCGATTCTGCTAACAAAGGCAAAGCAACATAGCATCGTCTTGGCAGGTTCAGCAGCGAAGGATCTCTTCAGCTCAGTCCCAGAAAGCGATCTATTCAAGGCACTGGCCGATACTCTGAAGCTATGGAACTCGCCGCCAGATTGGGCGGGCGATGAGCGGAATGTAGTGCTTACTTTGTCTCGTATCTGGTACACCGCAGCAACCGGCAAGATCGCGCCAAAGGATGTTGCTGCCACTTGGGCAATGGCACGCTTGCCAGCTCAACATCAGCCCATCCTGTTGAATGCCAAGCGGGCTTATCTTGGGCAAGAAGAAGATTATTTGCCCGCTCGTGCGGATCAGGTGGCGGCGCTCATTAAATTCGTGAAGTATGAAGCAGTTAAACTGCTTGGTGCCAGCCAATGATGTCTAACAATTCATTCAAGCCGACGCCGCTTCGCGGCGCGGCTTAATTCA
gb|AB116260|+|1329-2193|ARO:3002333|GES-4	32422725	93	956	<32422725		TGCGCTTCATTCACGCACTATTACTGGCAGGGATCGCTCACTCTGCATATGCGTCGGAAAAATTAACCTTCAAGACCGATCTTGAGAAGCTAGAGCGCGAAAAAGCAGCTCAGATCGGTGTTGCGATCGTCGATCCCCAAGGAGAGATCGTCGCGGGCCACCGAATGGCGCAGCGTTTTGCAATGTGCTCAACGTTCAAGTTTCCGCTAGCCGCGCTGGTCTTTGAAAGAATTGACTCAGGCACCGAGCGGGGGGATCGAAAACTTTCATATGGGCCGGACATGATCGTCGAATGGTCTCCTGCCACGGAGCGGTTTCTAGCATCGGGACACATGACGGTTCTCGAGGCAGCGCAAGCTGCGGTGCAGCTTAGCGACAATGGGGCTACTAACCTCTTACTGAGAGAAATTGGCGGACCTGCTGCAATGACGCAGTATTTTCGTAAAATTGGCGACTCTGTGAGTCGGCTAGACCGGAAAGAGCCGGAGATGAGCGACAACACACCTGGCGACCTCAGAGATACAACTACGCCTATTGCTATGGCACGTACTGTGGCTAAAGTCCTCTATGGCGGCGCACTGACGTCCACCTCGACCCACACCATTGAGAGGTGGCTGATCGGAAACCAAACGGGAGACGCGACACTACGAGCGGGTTTTCCTAAAGATTGGGTTGTTGGAGAGAAAACTGGTACCTGCGCCAACGGGGGCCGGAACGACATTGGTTTTTTTAAAGCCCAGGAGAGAGATTACGCTGTAGCGGTGTATACAACGGCCCCGAAACTATCGGCCGTAGAACGTGACGAATTAGTTGCCTCTGTCGGTCAAGTTATTACACAACTCATCCTGAGCACGGACAAATAGTTGACGCCCGTCTAACAATTCGT
gb|AB211124|+|0-525|ARO:3002895|SAT-1	81232484	64	588	<81232484		TGAAGATTTCGGTGATCCCTGAGCAGGTGGCGGAAACATTGGATGCTGAGAACCATTTCATTGTTCGTGAAGTGTTCGATGTGCACCTATCCGACCAAGGCTTTGAACTATCTACCAGAAGTGTGAGCCCCTACCGGAAGGATTACATCTCGGATGATGACTCTGATGAAGACTCTGCTTGCTATGGCGCATTCATCGACCAAGAGCTTGTCGGGAAGATTGAACTCAACTCAACATGGAACGATCTAGCCTCTATCGAACACATTGTTGTGTCGCACACGCACCGAGGCAAAGGAGTCGCGCACAGTCTCATCGAATTTGCGAAAAAGTGGGCACTAAGCAGACAGCTCCTTGGCATACGATTAGAGACACAAACGAACAATGTACCTGCCTGCAATTTGTACGCAAAATGTGGCTTTACTCTCGGCGGCATTGACCTGTTCACGTATAAAACTAGACCTCAAGTCTCGTACGAAACAGCGATGTACTGGTACTGGTTCTCGGGAGCACAGGATGACGCCTAACAATTCATTCAAGCCGACACCGCTTCGCGGCGCGGCTTAATTCAGGAGTTAAACATCATGAGGGAAGCGGTGATCGCCGAAGTATCGACTCAACTATCAGA
gb|AB571865.1|-|143423-144308|ARO:3003742|mphG	50056, 2638631, 6283287, 5689755	353	1237	<50056<2638631<6283287<5689755		CCAATCAGGAACTTGAACCGAAAGGTATTTCGACACCAATTGAAGAATGCGTTTCTCATTCGCAATCTGTTCGCCTAAGGTTGTTCTTCTTGGAATACGCAACAACCACTTTGTGCCATCCCTATCTGTAGCGAAACCAACCTTAAAATCAATTCCCATTTCATTAAAACTCATTTCATCCGAAAGAATTAACCCATTTCTTTCCGCTAATTTTTGAATATCTCTATTTTTCATTTTTTTAAATATTTTTGATTTTACCTAATTGCATTAAGTTGCGAGTGCTAAACGAAAGAATACCCACAAGGATTGCCAAACAACCGCTTATGATAAACGTAATGTTTACACCAATAACTTCTGCAATCAGGCCTGTGAATAATAAACCGATTACACTTGGCAAAACTGCCAAACTATAATAAAGTGAAAATACACGTCCTAATTTTTCAGGACTTACCTCTGTTTGTACAATTGCTGTAAAACAGCCATTGAAAACAGACAGGCTGATACCGCCAATGGCTGTTACCATCACAAATCCTACAAACCAACTTGCAGGTAATACACCACTCAAAATAAATGTAAGTCCCAATAACATCATTATCCATTTCTTCACCGAAAACAGTAACGTGACCTGAAAAATCTTGTGCTATATCGCTGACTTGTGCAGTTGACCAATCAATAATTCCACAAACTTCTCCATTATGATGAGTAAGTGTATGACCTGCATACAAATCACCGTGAATGAATTTTGTAAAATTCGGCCATAAGGACTGTTTGAACAAGCAGTTGAACGAGCTGCTGCCGCACCTCTAGCTTATGGATATTTTGCTTTAGAAACACAAGATGAAATTCATCTTAGTTCTGCAAAATTACAGTTAGGTGTTGAGTAGAATTTTTTTTAGTAGGGGCTGACACCTTAATCGGGTCAGCTCCCTATTATTTCAAGGGATGTTTGTCTATTAGCGGTGTTGTGTAGCCTTGCAGCTAACGGTTTGGGTATTGCCGAAGGCGGGGATTTTTAGCGCAAAAGTTCAAACGAAG
gb|AB901141|+|0-864|ARO:3002353|GES-24	32422725	93	956	<32422725		TGCGCTTCATTCACGCACTATTACTGGCAGGGATCGCTCACTCTGCATATGCGTCGGAAAAATTAACCTTCAAGACCGATCTTGAGAAGCTAGAGCGCGAAAAAGCAGCTCAGATCGGTGTTGCGATCGTCGATCCCCAAGGAGAGATCGTCGCGGGCCACCGAATGGCGCAGCGTTTTGCAATGTGCTCAACGTTCAAGTTTCCGCTAGCCGCGCTGGTCTTTGAAAGAATTGACTCAGGCACCGAGCGGGGGGATCGAAAACTTTCATATGGGCCGGACATGATCGTCGAATGGTCTCCTGCCACGGAGCGGTTTCTAGCATCGGGACACATGACGGTTCTCGAGGCAGCGCAAGCTGCGGTGCAGCTTAGCGACAATGGGGCTACTAACCTCTTACTGAGAGAAATTGGCGGACCTGCTGCAATGACGCAGTATTTTCGTAAAATTGGCGACTCTGTGAGTCGGCTAGACCGGAAAGAGCCGGAGATGAGCGACAACACACCTGGCGACCTCAGAGATACAACTACGCCTATTGCTATGGCACGTACTGTGGCTAAAGTCCTCTATGGCGGCGCACTGACGTCCACCTCGACCCACACCATTGAGAGGTGGCTGATCGGAAACCAAACGGGAGACGCGACACTACGAGCGGGTTTTCCTAAAGATTGGGTTGTTGGAGAGAAAACTGGTACCTGCGCCAACGGGGGCCGGAACGACATTGGTTTTTTTAAAGCCCAGGAGAGAGATTACGCTGTAGCGGTGTATACAACGGCCCCGAAACTATCGGCCGTAGAACGTGACGAATTAGTTGCCTCTGTCGGTCAAGTTATTACACAACTCATCCTGAGCACGGACAAATAGTTGACGCCCGTCTAACAATTCGT
gb|AF024602|+|3155-3992|ARO:3002660|APH(6)-Id	595376	842	1678	<595376		TGTTCATGCCGCCTGTTTTTCCTGCTCATTGGCACGTTTCGCAACCTGTTCTCATTGCGGACACCTTTTCCAGCCTCGTTTGGAAAGTTTCATTGCCAGACGGGACTCCTGCAATCGTCAAGGGATTGAAACCTATAGAAGACATTGCTGATGAACTGCGCGGGGCCGACTATCTGGTATGGCGCAATGGGAGGGGAGCAGTCCGGTTGCTCGGTCGTGAGAACAATCTGATGTTGCTCGAATATGCCGGGGAGCGAATGCTCTCTCACATCGTTGCCGAGCACGGCGACTACCAGGCGACCGAAATTGCAGCGGAACTAATGGCGAAGCTGTATGCCGCATCTGAGGAACCCCTGCCTTCTGCCCTTCTCCCGATCCGGGATCGCTTTGCAGCTTTGTTTCAGCGGGCGCGCGATGATCAAAACGCAGGTTGTCAAACTGACTACGTCCACGCGGCGATTATAGCCGATCAAATGATGAGCAATGCCTCGGAACTGCGTGGGCTACATGGCGATCTGCATCATGAAAACATCATGTTCTCCAGTCGCGGCTGGCTGGTGATAGATCCCGTCGGTCTGGTCGGTGAAGTGGGCTTTGGCGCCGCCAATATGTTCTACGATCCGGCTGACAGAGACGACCTTTGTCTCGATCCTAGACGCATTGCACAGATGGCGGACGCATTCTCTCGTGCGCTGGACGTCGATCCGCGTCGCCTGCTCGACCAGGCGTACGCTTATGGGTGCCTTTCCGCAGCTTGGAACGCGGATGGAGAAGAGGAGCAACGCGATCTAGCTATCGCGGCCGCGATCAAGCAGGTGCGACAGACGTCATACTAGATATCAAGCGACTTCTCCTATCCCCTGGGAACACATCAATCTTACCGGAGAATATCGTTGGCCAAAGCCTTAGCGTAGGATTTCGCCCTCTCCCGCAAACGACCCC
gb|AF028812|+|392-887|ARO:3002867|dfrF	5685926	389	883	<5685926		TGATAGGTTTGATTGTTGCGAGGTCAAAGAATAATGTTATAGGCAAGAATGGTAATATACCATGGAAAATAAAGGGAGAACAAAAGCAATTTAGAGAGTTAACAACGGGTAATGTGGTTATTATGGGGCGAAAGTCTTATGAAGAAATCGGTCATCCGTTGCCTAATAGAATGAATATTGTTGTTTCCACCACAACAGAGTATCAAGGAGATAATTTAGTTTCAGTTAAATCATTAGAAGATGCATTATTATTGGCTAAAGGACGAGATGTATACATATCTGGTGGATATGGACTATTTAAGGAAGCTTTGCAAATAGTAGATAAAATGTATATCACAGAAGTAGATTTAAATATTGAAGATGGAGATACATTCTTTCCAGAATTTGATATCAATGATTTTGAAGTTTTGATAGGGGAAACACTTGGTGAGGAAGTGAAATATACGAGAACATTTTATGTAAGGAAAAATGAATTGAGTAGATTTTGGATTTAGGGTGTTTTCATAAATATATTGCTTTTTATGCATATATAAATTGTTGTAAGACAAATCCCAGTTTGACAATTTCATATCCATACACACAAAGCAGTTAGTCTTAGGATTGACTGCTTTTTTCTTACCTAAATTTTAGATTGGAGTGATGAAATGAGCGATATTTTTAAGGATATGCAGACGAAAGTCGGCTGTGATTATATTTCCGACCTGCCCTCTTACAAGCGTAAGGTGTGGCAGGAAATGAAACGACTGA
gb|AF043100|+|0-775|ARO:3001411|OXA-16	0	0	0	<0		
gb|AF043381|+|251-863|ARO:3002580|AAC(6')-Ib9	24065316, 3274129, 60915537, 2728545	14	627	<24065316<3274129<60915537<2728545		
gb|AF043381|+|943-1744|ARO:3001414|OXA-19	32592258, 758212	72	872	<32592258<758212		
gb|AF047479|+|1295-2087|ARO:3002603|aadA3	5638634, 23556688, 66940499, 66940495, 3661600, 385047 5638634, 23556688, 66940499, 81873962, 31582859	13	804	<5638634<23556688<66940499<66940495<3661600<3850475638634<23556688<66940499<81873962<31582859		
gb|AF078527|+|3769-4303|ARO:3000230|ANT(2'')-Ia	8148926	66	599	<8148926		
gb|AF099140|+|136-1363|ARO:3002826|EreA2	31482731	128	1345	<31482731		
gb|AF118110.1|-|71-1037|ARO:3003002|CfxA2	5661688	142	1107	<5661688		
gb|AF135373|+|11-908|ARO:3002244|CARB-5	267426, 63777837	146	1042	<267426<63777837		
gb|AF137361|+|63-852|ARO:3002605|aadA5	1370533	57	845	<1370533		
gb|AF156486|+|1331-2195|ARO:3002330|GES-1	32422725	93	956	<32422725		
gb|AF156486|+|5012-5792|ARO:3002602|aadA2	5638634, 23556688, 66940499, 81873962, 31582859 5638634, 23556688, 66940499, 66940495, 3661600, 385047	25	790	<5638634<23556688<66940499<81873962<315828595638634<23556688<66940499<66940495<3661600<385047		
gb|AF162771|+|61-643|ARO:3002596|AAC(6')-IIc	567692	90	671	<567692		
gb|AF205943|+|7511-8312|ARO:3001405|OXA-10	26012357, 758212	8	808	<26012357<758212		
gb|AF231133|+|1345-2146|ARO:3001423|OXA-28	32592258, 758212	72	872	<32592258<758212		
gb|AF242872.1|+|2131-2878|ARO:3000375|ErmB	0	0	0	<0		
gb|AF294653|+|753-1584|ARO:3001425|OXA-31	1736030	41	871	<1736030		
gb|AF300985|+|0-739|ARO:3001430|OXA-36	32571183, 5674312	104	841	<32571183<5674312		
gb|AF313472|+|15593-16397|ARO:3002639|APH(3'')-Ib	595376	39	842	<595376		
gb|AF315351|+|672-1500|ARO:3001426|OXA-32	32571183, 5674312	71	898	<32571183<5674312		
gb|AF315786|+|1313-2114|ARO:3001429|OXA-35	32592258, 758212	72	872	<32592258<758212		
gb|AF326355|+|0-864|ARO:3002331|GES-2	32422725	93	956	<32422725		
gb|AF329699|+|372-1236|ARO:3002337|GES-8	32422725	93	956	<32422725		
gb|AF350424|+|0-771|ARO:3001428|OXA-34	32571183, 5674312	71	841	<32571183<5674312		
gb|AF371964|+|118-919|ARO:3001768|OXA-118	2556907, 1160229, 26511913	19	819	<2556907<1160229<26511913		
gb|AF408195.1|+|9446-10250|ARO:3003206|lsaE	5670118	34	837	<5670118		
gb|AF550679.1|-|80976-81768|ARO:3002601|aadA	31689609, 31674241, 385047	11	802	<31689609<31674241<385047		
gb|AJ222769.3|+|3686-5606|ARO:3000194|tetW	288518, 23815819, 336894	39	1958	<288518<23815819<336894		
gb|AJ627643.4|+|4933-5713|ARO:3002653|APH(3')-VIb	6903442, 86408359	180	959	<6903442<86408359		
gb|AJ809407|+|118-898|ARO:3002620|aadA23	31689609, 31674241, 385047	31	802	<31689609<31674241<385047		
gb|AJ854182|+|0-801|ARO:3001798|OXA-74	26012357, 758212	8	808	<26012357<758212		
gb|AM040708.1|+|1173-1965|ARO:3004704|aadA8b	5638634, 23556688, 66940499, 66940495, 3661600, 385047 5638634, 23556688, 66940499, 81873962, 31582859	13	804	<5638634<23556688<66940499<66940495<3661600<3850475638634<23556688<66940499<81873962<31582859		
gb|AM087405|+|1748-2582|ARO:3002622|aadA6/aadA10	3906318, 49630744	11	820	<3906318<49630744		
gb|AM261837|+|73-865|ARO:3002619|aadA22	31689609, 31674241, 385047	11	802	<31689609<31674241<385047		
gb|AM412317.1|-|3035492-3036527|ARO:3004146|cfrC	24062600	2308	3341	<24062600		
gb|AM412777|+|117-918|ARO:3001439|OXA-101	32592258, 758212	72	872	<32592258<758212		
gb|AP009048|-|4338624-4340268|ARO:3003576|eptA	25658009	758	2401	<25658009		
gb|AP012030.1|-|395553-396711|ARO:3004612|Escherichia_coli_ampH	1160795	1084	2241	<1160795		
gb|APOH01000009.1|-|220588-221443|ARO:3001751|OXA-296	31762653, 2880953	69	923	<31762653<2880953		
gb|AY007784|+|1122-1923|ARO:3001431|OXA-37	26714083	73	936	<26714083		
gb|AY055428.1|-|20268-21084|ARO:3000412|sul2	23703864, 9429764	96	911	<23703864<9429764		
gb|AY138986|+|0-789|ARO:3002604|aadA4	1370533	57	845	<1370533		
gb|AY139598|+|1486-2287|ARO:3001775|OXA-119	2556907, 1160229, 26511913	19	819	<2556907<1160229<26511913		
gb|AY139603|+|106-898|ARO:3002608|aadA8	5638634, 23556688, 66940499, 66940495, 3661600, 385047 5638634, 23556688, 66940499, 81873962, 31582859	13	804	<5638634<23556688<66940499<66940495<3661600<3850475638634<23556688<66940499<81873962<31582859		
gb|AY171244|+|46-838|ARO:3002618|aadA21	31689609, 31674241, 385047	11	802	<31689609<31674241<385047		
gb|AY178993|+|574-1471|ARO:3002247|CARB-8	267426, 5625755	146	1042	<267426<5625755		
gb|AY260546|+|4477-5341|ARO:3002336|GES-7	32422725	93	956	<32422725		
gb|AY445080|+|0-801|ARO:3001795|OXA-56	32592258, 758212	72	872	<32592258<758212		
gb|AY494717|+|0-864|ARO:3002334|GES-5	32422725	93	956	<32422725		
gb|AY494718|+|0-864|ARO:3002335|GES-6	32422725	93	956	<32422725		
gb|AY536519|+|37-937|ARO:3002372|VEB-3	8677873	87	986	<8677873		
gb|AY628199|+|203-1064|ARO:3000988|TEM-126	32381806	224	1084	<32381806		
gb|AY758206|+|2743-3589|ARO:3002611|aadA11	3906318, 5643127	11	856	<3906318<5643127		
gb|AY920928|+|2689-3553|ARO:3002338|GES-9	32422725	93	956	<32422725		
gb|BX664015.1|-|103017-103833|ARO:3002641|APH(3')-Ia	27227585	121	936	<27227585		
gb|CP003022|+|336788-337580|ARO:3003197|aadA25	5638634, 23556688, 66940499, 66940495, 3661600, 385047	13	804	<5638634<23556688<66940499<66940495<3661600<385047		
gb|D16251.1|-|1625-2531|ARO:3000316|mphA	80826	125	1030	<80826		
gb|DQ303918|+|0-600|ARO:3002547|AAC(6')-Ib-cr	36782492, 3274129, 60915537, 2728545	65	664	<36782492<3274129<60915537<2728545		
gb|DQ677333|+|0-780|ARO:3002621|aadA24	31689609, 31674241, 385047	31	802	<31689609<31674241<385047		
gb|DQ839391.1|-|12872-13757|ARO:3003741|mphE	584002	1971	2855	<584002		
gb|DQ902344.1|+|2716-3517|ARO:3001412|OXA-17	0	0	0	<0		
gb|EF552405|+|12-840|ARO:3001802|OXA-141	32571183, 5674312	71	898	<32571183<5674312		
gb|EU294228.1|+|21241-22717|ARO:3003109|msrE	584002	440	1915	<584002		
gb|EU358785|+|720-1521|ARO:3001803|OXA-142	26012357, 758212	8	808	<26012357<758212		
gb|EU675686|+|1956-2409|ARO:3002848|arr-3	31482733	87	539	<31482733		
gb|EU722333.1|+|1932-3852|ARO:3000196|tet32	6390767, 31413540	39	1958	<6390767<31413540		
gb|EU746499.1|+|639-1437|ARO:3002613|aadA13	31770840, 66940499, 66940495, 8153423, 31582859	920	1717	<31770840<66940499<66940495<8153423<31582859		
gb|EU748544|+|0-927|ARO:3002366|PER-4	5606345	1454	2380	<5606345		
gb|EU850412|+|2269-3166|ARO:3002249|CARB-10	267426, 63777837	146	1042	<267426<63777837		
gb|FJ381668|+|56-848|ARO:3002612|aadA12	31689609, 31674241, 385047	11	802	<31689609<31674241<385047		
gb|FJ617207|+|0-828|ARO:3001800|OXA-226	32571183, 5674312	71	898	<32571183<5674312		
gb|FJ790516|+|1287-2085|ARO:3001804|OXA-145	32592258, 758212	72	872	<32592258<758212		
gb|FJ820124|+|1123-1987|ARO:3002339|GES-10	32422725	93	956	<32422725		
gb|FJ848783|+|1270-2071|ARO:3001801|OXA-147	32592258, 758212	72	872	<32592258<758212		
gb|FJ854362|+|701-1565|ARO:3002340|GES-11	32422725	93	956	<32422725		
gb|FN554543|+|0-864|ARO:3002341|GES-12	32422725	93	956	<32422725		
gb|GQ202693|+|1171-1999|ARO:3001799|OXA-161	32571183, 5674312	71	898	<32571183<5674312		
gb|GQ342996|+|797-1793|ARO:3003097|CfxA6	32071353, 26004826, 280008	27	1022	<32071353<26004826<280008		
gb|GQ891757|+|2004-2661|ARO:3002801|QnrVC4	80949639	266	922	<80949639		
gb|GU169702|+|608-1472|ARO:3002342|GES-13	32422725	93	956	<32422725		
gb|GU207844|+|0-864|ARO:3002343|GES-14	32422725	93	956	<32422725		
gb|GU208678|+|0-864|ARO:3002344|GES-15	32422725	93	956	<32422725		
gb|GU831575|+|0-843|ARO:3001662|OXA-164	32026252	73	915	<32026252		
gb|HE616889|+|1826-2627|ARO:3001502|OXA-256	26012357, 758212	8	808	<26012357<758212		
gb|HF953351|-|2461-3358|ARO:3002255|CARB-16	267426, 63777837	146	1042	<267426<63777837		
gb|HM173356|+|511-1375|ARO:3002345|GES-16	32422725	93	956	<32422725		
gb|HQ111474|+|1056-1857|ARO:3001475|OXA-183	32592258, 758212	72	872	<32592258<758212		
gb|HQ874631|+|0-864|ARO:3002346|GES-17	32422725	93	956	<32422725		
gb|JCMW02000002.1|-|55721-56522|ARO:3004489|OXA-663	26012357, 758212	8	808	<26012357<758212		
gb|JF795487|+|0-828|ARO:3001487|OXA-210	32571183, 5674312	71	898	<32571183<5674312		
gb|JF800667|+|657-1458|ARO:3001483|OXA-205	2556907, 1160229, 25425969	19	819	<2556907<1160229<25425969		
gb|JF969163|+|1053-1893|ARO:3000410|sul1	31214328	404	1243	<31214328		
gb|JN118546|+|1761-2562|ARO:3001500|OXA-251	26012357, 758212	8	808	<26012357<758212		
gb|JN596280|+|1918-2782|ARO:3002348|GES-19	32422725	93	956	<32422725		
gb|JN596280|+|2847-3711|ARO:3002349|GES-20	32422725	93	956	<32422725		
gb|JQ028729|+|0-864|ARO:3002347|GES-18	32422725	93	956	<32422725		
gb|JQ364968|+|3332-4229|ARO:3002252|CARB-14	267426, 63777837	146	1042	<267426<63777837		
gb|JQ772478|+|140-1004|ARO:3002350|GES-21	32422725	93	956	<32422725		
gb|JQ808129|+|633-1188|ARO:3002546|AAC(6')-Ib	2728545	26	580	<2728545		
gb|JX023441|+|37-901|ARO:3002351|GES-22	32422725	93	956	<32422725		
gb|JX089628|+|0-801|ARO:3001499|OXA-240	26012357, 758212	8	808	<26012357<758212		
gb|JX101693.1|+|58200-58833|ARO:3002676|catB3	31534610	86	718	<31534610		
gb|KC170992.1|+|8362-9142|ARO:3003687|APH(3')-VI	6903442, 506744	180	959	<6903442<506744		
gb|KF711993|+|0-801|ARO:3001807|OXA-246	26012357, 758212	8	808	<26012357<758212		
gb|KF921535.1|+|617-1091|ARO:3002859|dfrA14	85537095	71	544	<85537095		
gb|KJ420612.1|+|1821-2622|ARO:3001409|OXA-14	26012357, 758212	8	808	<26012357<758212		
gb|KJ657570|+|0-801|ARO:3001495|OXA-233	26012357, 758212	8	808	<26012357<758212		
gb|KJ865754|+|0-828|ARO:3001606|OXA-415	32571183, 5674312	71	898	<32571183<5674312		
gb|KP096411|+|0-864|ARO:3003181|GES-26	32422725	93	956	<32422725		
gb|KP265721.1|+|331-1558|ARO:3004608|EreD	1761822	161	1387	<1761822		
gb|KR091911.1|-|74564-75350|ARO:3002578|AAC(6')-Ib7	4502681, 31214326, 15299651, 22715649, 50555643, 32286601, 24065316, 3274129, 60915537, 2728545	57	842	<4502681<31214326<15299651<22715649<50555643<32286601<24065316<3274129<60915537<2728545		
gb|KT736121.1|+|1176-1977|ARO:3001555|OXA-368	26012357, 758212	8	808	<26012357<758212		
gb|L09246|+|543-981|ARO:3002554|AAC(6')-Ig	34689	1	421	<34689		
gb|L42817|+|201-936|ARO:3000522|ErmG	2101349	82	816	<2101349		
gb|LC037981|+|0-801|ARO:3003610|OXA-454	26012357, 758212	8	808	<26012357<758212		
gb|LN873256.1|-|3238-4027|ARO:3004682|aadA27	96908, 293994	172	960	<96908<293994		
gb|M17124|+|1181-1982|ARO:3000498|ErmF	26006141	3	803	<26006141		
gb|M18896.2|+|206-2126|ARO:3000190|tetO	4147608, 3205126, 17316950	254	2173	<4147608<3205126<17316950		
gb|M35190.1|+|308-932|ARO:3004454|Campylobacter_coli_chloramphenicol_acetyltransferase	7014724	102	708	<7014724		
gb|M37699|+|585-1752|ARO:3000205|tetX	5620851	643	1809	<5620851		
gb|M55620|+|0-660|ARO:3002687|catQ	5986788	393	1052	<5986788		
gb|M72415.1|+|1120-1984|ARO:3004683|aadS	18574655, 224504	3254	4117	<18574655<224504		
gb|M95287.4|+|2455-3283|ARO:3001397|OXA-2	32571183, 5674312	71	898	<32571183<5674312		
gb|NC_008618.1|-|1667063-1670624|ARO:3004480|Bifidobacterium_adolescentis_rpoB_conferring_resistance_to_rifampicin	5663829	2940	6500	<5663829		
gb|NG_050218.1|+|0-1061|ARO:3001044|TEM-181	0	0	0	<0		
gb|U00096.3|-|3203309-3204131|ARO:3002986|bacA	840686	1167	1988	<840686		
gb|U00096.3|-|721055-721733|ARO:3003841|kdpE	31522874	98	775	<31522874		
gb|U00096|+|2367070-2368039|ARO:3003578|pmrF	459768	360	1328	<459768		
gb|U12338|+|5055-5520|ARO:3002528|AAC(3)-Ia	402256	71	535	<402256		
gb|U59183|+|247-859|ARO:3002581|AAC(6')-Ib10	24065316, 3274129, 60915537, 2728545	14	627	<24065316<3274129<60915537<2728545		
gb|U59183|+|939-1740|ARO:3001408|OXA-13	32592258, 758212	72	872	<32592258<758212		
gb|U63835|+|127-955|ARO:3001410|OXA-15	32571183, 5674312	71	898	<32571183<5674312		
gb|X02340.1|+|222-1194|ARO:3004089|ANT(3'')-IIa	31214326, 15299651, 77161691, 15936737, 31689609, 31674241, 385047	3	967	<31214326<15299651<77161691<15936737<31689609<31674241<385047		
gb|X07753|+|102-882|ARO:3002652|APH(3')-VIa	6903442, 506744	180	959	<6903442<506744		
gb|X13543.1|+|185-1046|ARO:3002533|AAC(3)-IIa	605844	130	990	<605844		
gb|X75562|+|134-935|ARO:3001402|OXA-7	32592258, 758212	72	872	<32592258<758212		
gb|Z21523|+|0-1974|ARO:3000191|tetQ	4764923, 2707722, 11583809, 43494081, 43494077, 3922650	142	2115	<4764923<2707722<11583809<43494081<43494077<3922650		
gb|Z22590|+|154-955|ARO:3001406|OXA-11	26012357, 758212	8	808	<26012357<758212		
gb|NG_050218.1|+|0-1061|ARO:3001044|TEM-181  Partial	0	0	0	<0		
gb|AF043100|+|0-775|ARO:3001411|OXA-16  Partial	0	0	0	<0		
gb|DQ902344.1|+|2716-3517|ARO:3001412|OXA-17  Partial	0	0	0	<0		
gb|AF242872.1|+|2131-2878|ARO:3000375|ErmB  Partial	0	0	0	<0		
