	Query	Sequence_Bandage	Sequence_SPAligner	Unnamed: 0	Sequence
0	gb|AF024602|+|3155-3992|ARO:3002660|APH(6)-Id	ATGTTCATGCCGCCTGTTTTTCCTGCTCATTGGCACGTTTCGCAACCTGTTCTCATTGCGGACACCTTTTCCAGCCTCGTTTGGAAAGTTTCATTGCCAGACGGGACTCCTGCAATCGTCAAGGGATTGAAACCTATAAAAGACATTGCTGATGAACTGCGCGGGGCCGACTATCTGGTATGGCGCAATGGGAGGGGAGCAGTCCGGTTGCTCGGTCGTGAGAACAATCTGATGTTGCTCGAATATGCCGGGGAGCGAATGCTCTCTCACATCGTTGCCGAGCACGGCGACTACCAGGCGACCGAAATTGCAGCGGAACTAATGGCGAAGCTGTATGCCGCATCTGAGGAACCCCTGCCTTCTGCCCTTCTCCCGATCCGGGATCGCTTTGCAGCTTTGTTTCAGCGGGCGCGCGATGATCAAAACGCAGGTTGTCAAACTGACTACGTCCACGCGGCGATTATAGCCGATCAAATGATGAGCAATGCCTCGGAACTGCGTGGGCTACATGGCGATCTGCATCATGAAAACATCATGTTCTCCAGTCGCGGCTGGCTGGTGATAGATCCCGTCGGTCTGGTCGGTGAAGTGGGCTTTGGCGCCGCCAATATGTTCTACGATCCGGCTGACAGAGACGACCTTTGTCTCGATCCTAGACGCATTGCACAGATGGCGGACGCATTCTCTCGTGCGCTGGACGTCGATCCGCGTCGCCTGCTCGACCAGGCGTACGCTTATGGGTGCCTTTCCGCAGCTTGGAACGCGGATGGAGAAGAGGAGCAACGCGATCTAGCTATCGCGGCCGCGATCAAGCAGGTGCGACAGACGTCATACTAG	ATGTTCATGCCGCCTGTTTTTCCTGCTCATTGGCACGTTTCGCAACCTGTTCTCATTGCGGACACCTTTTCCAGCCTCGTTTGGAAAGTTTCATTGCCAGACGGGACTCCTGCAATCGTCAAGGGATTGAAACCTATAAAAGACATTGCTGATGAACTGCGCGGGGCCGACTATCTGGTATGGCGCAATGGGAGGGGAGCAGTCCGGTTGCTCGGTCGTGAGAACAATCTGATGTTGCTCGAATATGCCGGGGAGCGAATGCTCTCTCACATCGTTGCCGAGCACGGCGACTACCAGGCGACCGAAATTGCAGCGGAACTAATGGCGAAGCTGTATGCCGCATCTGAGGAACCCCTGCCTTCTGCCCTTCTCCCGATCCGGGATCGCTTTGCAGCTTTGTTTCAGCGGGCGCGCGATGATCAAAACGCAGGTTGTCAAACTGACTACGTCCACGCGGCGATTATAGCCGATCAAATGATGAGCAATGCCTCGGAACTGCGTGGGCTACATGGCGATCTGCATCATGAAAACATCATGTTCTCCAGTCGCGGCTGGCTGGTGATAGATCCCGTCGGTCTGGTCGGTGAAGTGGGCTTTGGCGCCGCCAATATGTTCTACGATCCGGCTGACAGAGACGACCTTTGTCTCGATCCTAGACGCATTGCACAGATGGCGGACGCATTCTCTCGTGCGCTGGACGTCGATCCGCGTCGCCTGCTCGACCAGGCGTACGCTTATGGGTGCCTTTCCGCAGCTTGGAACGCGGATGGAGAAGAGGAGCAACGCGATCTAGCTATCGCGGCCGCGATCAAGCAGGTGCGACAGACGTCATACTAG	3	ATGTTCATGCCGCCTGTTTTTCCTGCTCATTGGCACGTTTCGCAACCTGTTCTCATTGCGGACACCTTTTCCAGCCTCGTTTGGAAAGTTTCATTGCCAGACGGGACTCCTGCAATCGTCAAGGGATTGAAACCTATAGAAGACATTGCTGATGAACTGCGCGGGGCCGACTATCTGGTATGGCGCAATGGGAGGGGAGCAGTCCGGTTGCTCGGTCGTGAGAACAATCTGATGTTGCTCGAATATGCCGGGGAGCGAATGCTCTCTCACATCGTTGCCGAGCACGGCGACTACCAGGCGACCGAAATTGCAGCGGAACTAATGGCGAAGCTGTATGCCGCATCTGAGGAACCCCTGCCTTCTGCCCTTCTCCCGATCCGGGATCGCTTTGCAGCTTTGTTTCAGCGGGCGCGCGATGATCAAAACGCAGGTTGTCAAACTGACTACGTCCACGCGGCGATTATAGCCGATCAAATGATGAGCAATGCCTCGGAACTGCGTGGGCTACATGGCGATCTGCATCATGAAAACATCATGTTCTCCAGTCGCGGCTGGCTGGTGATAGATCCCGTCGGTCTGGTCGGTGAAGTGGGCTTTGGCGCCGCCAATATGTTCTACGATCCGGCTGACAGAGACGACCTTTGTCTCGATCCTAGACGCATTGCACAGATGGCGGACGCATTCTCTCGTGCGCTGGACGTCGATCCGCGTCGCCTGCTCGACCAGGCGTACGCTTATGGGTGCCTTTCCGCAGCTTGGAACGCGGATGGAGAACAGGAGCAACGCGATCTAGCTATCGCGGCCGCGATCAAGCAGGTGCGACAGACGTCATACTAG
1	gb|AF313472|+|15593-16397|ARO:3002639|APH(3'')-Ib	TTGAATCGAACTAATATTTTTTTTGGTGAATCGCATTCTGACTGGTTGCCTGTCAGAGGCGGAGAATCTGGTGATTTTGTTTTTCGACGTGGTGACGGGCATGCCTTCGCGAAAATCGCACCTGCTTCCCGCCGCGGTGAGCTCGCTGGAGAGCGTGACCGCCTCATTTGGCTCAAAGGTCGAGGTGTGGCTTGCCCCGAGGTGATCAACTGGCAGGAGGAACAGGAGGGTGCATGCTTGGTGATAACGGCAATTCCGGGAGTACCGGCGGCTGATCTGTCTGGAGCGGATTTGCTCAAAGCGTGGCCGTCAATGGGGCAGCAACTTGGCGCTGTTCACAGCCTATCGGTTGATCAATGTCCGTTTGAGCGCAGGCTGTCGCGAATGTTCGGACGCGCCGTTGATGTGGTGTCCCGCAATGCCGTCAATCCCGACTTCTTACCGGACGAGGACAAGAGTACGCCGCAGCTCGATCTTTTGGCTCGTGTCGAACGAGAGCTACCGGTGCGGCTCGACCAAGAGCGCACCGATATGGTTGTTTGCCATGGTGATCCCTGCATGCCGAACTTCATGGTGGACCCTAAAACTCTTCAATGCACGGGTCTGATCGACCTTGGGCGGCTCGGAACAGCAGATCGCTATGCCGATTTGGCACTCATGATTGCTAACGCCGAAGAGAACTGGGCAGCGCCAGATGAAGCAGAGCGCGCCTTCGCTGTCCTATTCAATGTATTGGGGATCGAAGCCCCCGACCGCGAACGCCTTGCCTTCTATCTGCGATTGGACCCTCTGACTTGGGGTTGA	TTGAATCGAACTAATATTTTTTTTGGTGAATCGCATTCTGACTGGTTGCCTGTCAGAGGCGGAGAATCTGGTGATTTTGTTTTTCGACGTGGTGACGGGCATGCCTTCGCGAAAATCGCACCTGCTTCCCGCCGCGGTGAGCTCGCTGGAGAGCGTGACCGCCTCATTTGGCTCAAAGGTCGAGGTGTGGCTTGCCCCGAGGTGATCAACTGGCAGGAGGAACAGGAGGGTGCATGCTTGGTGATAACGGCAATTCCGGGAGTACCGGCGGCTGATCTGTCTGGAGCGGATTTGCTCAAAGCGTGGCCGTCAATGGGGCAGCAACTTGGCGCTGTTCACAGCCTATCGGTTGATCAATGTCCGTTTGAGCGCAGGCTGTCGCGAATGTTCGGACGCGCCGTTGATGTGGTGTCCCGCAATGCCGTCAATCCCGACTTCTTACCGGACGAGGACAAGAGTACGCCGCAGCTCGATCTTTTGGCTCGTGTCGAACGAGAGCTACCGGTGCGGCTCGACCAAGAGCGCACCGATATGGTTGTTTGCCATGGTGATCCCTGCATGCCGAACTTCATGGTGGACCCTAAAACTCTTCAATGCACGGGTCTGATCGACCTTGGGCGGCTCGGAACAGCAGATCGCTATGCCGATTTGGCACTCATGATTGCTAACGCCGAAGAGAACTGGGCAGCGCCAGATGAAGCAGAGCGCGCCTTCGCTGTCCTATTCAATGTATTGGGGATCGAAGCCCCCGACCGCGAACGCCTTGCCTTCTATCTGCGATTGGACCCTCTGACTTGGGGTTGA	6	TTGAATCGAACTAATATTTTTTTTGGTGAATCGCATTCTGACTGGTTGCCTGTCAGAGGCGGAGAATCTGGTGATTTTGTTTTTCGACGTGGTGACGGGCATGCCTTCGCGAAAATCGCACCTGCTTCCCGCCGCGGTGAGCTCGCTGGAGAGCGTGACCGCCTCATTTGGCTCAAAGGTCGAGGTGTGGCTTGCCCCGAGGTGATCAACTGGCAGGAGGAACAGGAGGGTGCATGCTTGGTGATAACGGCAATTCCGGGAGTACCGGCGGCTGATCTGTCTGGAGCGGATTTGCTCAAAGCGTGGCCGTCAATGGGGCAGCAACTTGGCGCTGTTCACAGCCTATTGGTTGATCAATGTCCGTTTGAGCGCAGGCTGTCGCGAATGTTCGGACGCGCCGTTGATGTGGTGTCCCGCAATGCCGTCAATCCCGACTTCTTACCGGACGAGGACAAGAGTACGCCGCAGCTCGATCTTTTGGCTCGTGTCGAACGAGAGCTACCGGTGCGGCTCGACCAAGAGCGCACCGATATGGTTGTTTGCCATGGTGATCCCTGCATGCCGAACTTCATGGTGGACCCTAAAACTCTTCAATGCACGGGTCTGATCGACCTTGGGCGGCTCGGAACAGCAGATCGCTATGCCGATTTGGCACTCATGATTGCTAACGCCGAAGAGAACTGGGCAGCGCCAGATGAAGCAGAGCGCGCCTTCGCTGTCCTATTCAATGTATTGGGGATCGAAGCCCCCGACCGCGAACGCCTTGCCTTCTATCTGCGATTGGACCCTCTGACTTGGGGTTGA
2	gb|AF550679.1|-|80976-81768|ARO:3002601|aadA	ATGAGGGAAGCGGTGATCGCCGAAGTATCGACTCAACTATCAGAGGTAGTTGGCGTCATCGAGCGCCATCTCGAACCGACGTTGCTGGCCGTACATTTGTACGGCTCCGCAGTGGATGGCGGCCTGAAGCCACACAGTGATATTGATTTGCTGGTTACGGTGACCGTAAGGCTTGATGAAACAACGCGGCGAGCTTTGATCAACGACCTTTTGGAAACTTCGGCTTCCCCTGGAGAGAGCGAGATTCTCCGCGCTGTAGAAGTCACCATTGTTGTGCACGACGACATCATTCCGTGGCGTTATCCAGCTAAGCGCGAACTGCAATTTGGAGAATGGCAGCGCAATGACATTCTTGCAGGTATCTTCGAGCCAGCCACGATCGACATTGATCTGGCTATCTTGCTGACAAAAGCAAGAGAACATAGCGTTGCCTTGGTAGGTCCAGCGGCGGAGGAACTCTTTGATCCGGTTCCTGAACAGGATCTATTTGAGGCGCTAAATGAAACCTTAACGCTATGGAACTCGCCGCCCGACTGGGCTGGCGATGAGCGAAATGTAGTGCTTACGTTGTCCCGCATTTGGTACAGCGCAGTAACCGGCAAAATCGCGCCGAAGGATGTCGCTGCCGACTGGGCAATGGAGCGCCTGCCGGCCCAGTATCAGCCCGTCATACTTGAAGCTAGGCAGGCTTATCTTGGACAAGAAGATCGCTTGGCCTCGCGCGCAGATCAGTTGGAAGAATTTGTTCACTACGTGAAAGGCGAGATCACCAAGGTAGTCGGCAAATAA+ ATGAGGGTAGCGGTGACCATCGAAATTTCGAACCAACTATCAGAGGTGCTAAGCGTCATTGAGCGCCATCTGGAATCAACGTTGCTGGCCGTGCATTTGTACGGCTCCGCAGTGGATGGCGGCCTGAAGCCATACAGCGATATTGATTTGTTGGTTACTGTGGCCGTAAAGCTTGATGAAACGACGCGGCGAGCATTGCTCAATGACCTTATGGAGGCTTCGGCTTTCCCTGGCGAGAGCGAGACGCTCCGCGCTATAGAAGTCACCCTTGTCGTGCATGACGACATCATCCCGTGGCGTTATCCGGCTAAGCGCGAGCTGCAATTTGGAGAATGGCAGCGCAATGACATTCTTGCGGGTATCTTCGAGCCAGCCATGATCGACATTGATCTAGCTATCCTGCTTACAAAAGCAAGAGAACATAGCGTTGCCTTGGTAGGTCCGGCAGCGGAGGAATTCTTTGACCCGGTTCCTGAACAGGATCTATTCGAGGCGCTGAGGGAAACCTTGAAGCTATGGAACTCGCAGCCCGACTGGGCCGGCGATGAGCGAAATGTAGTGCTTACGTTGTCCCGCATTTGGTACAGCGCAATAACCGGCAAAATCGCGCCGAAGGATGTCGCTGCCGACTGGGCAATAAAACGCCTACCTGCCCAGTATCAGCCCGTCTTACTTGAAGCTAAGCAAGCTTATCTGGGACAAAAAGAAGATCACTTGGCCTCACGCGCAGATCACTTGGAAGAATTTATTCGCTTTGTGAAAGGCGAGATCATCAAGTCAGTTGGTAAAT	ATGAGGGAAGCGGTGATCGCCGAAGTATCGACTCAACTATCAGAGGTAGTTGGCGTCATCGAGCGCCATCTCGAACCGACGTTGCTGGCCGTACATTTGTACGGCTCCGCAGTGGATGGCGGCCTGAAGCCACACAGTGATATTGATTTGCTGGTTACGGTGACCGTAAGGCTTGATGAAACAACGCGGCGAGCTTTGATCAACGACCTTTTGGAAACTTCGGCTTCCCCTGGAGAGAGCGAGATTCTCCGCGCTGTAGAAGTCACCATTGTTGTGCACGACGACATCATTCCGTGGCGTTATCCAGCTAAGCGCGAACTGCAATTTGGAGAATGGCAGCGCAATGACATTCTTGCAGGTATCTTCGAGCCAGCCACGATCGACATTGATCTGGCTATCTTGCTGACAAAAGCAAGAGAACATAGCGTTGCCTTGGTAGGTCCAGCGGCGGAGGAACTCTTTGATCCGGTTCCTGAACAGGATCTATTTGAGGCGCTAAATGAAACCTTAACGCTATGGAACTCGCCGCCCGACTGGGCTGGCGATGAGCGAAATGTAGTGCTTACGTTGTCCCGCATTTGGTACAGCGCAGTAACCGGCAAAATCGCGCCGAAGGATGTCGCTGCCGACTGGGCAATGGAGCGCCTGCCGGCCCAGTATCAGCCCGTCATACTTGAAGCTAGGCAGGCTTATCTTGGACAAGAAGATCGCTTGGCCTCGCGCGCAGATCAGTTGGAAGAATTTGTTCACTACGTGAAAGGCGAGATCACCAAGGTAGTCGGCAAATAA	8	ATGAGGGAAGCGGTGATCGCCGAAGTATCGACTCAACTATCAGAGGTAGTTGGCGTCATCGAGCGCCATCTCGAACCGACGTTGCTGGCCGTACATTTGTACGGCTCCGCAGTGGATGGCGGCCTGAAGCCACACAGTGATATTGATTTGCTGGTTACGGTGACCGTAAGGCTTGATGAAACAACGCGGCGAGCTTTGATCAACGACCTTTTGGAAACTTCGGCTTCCCCTGGAGAGAGCGAGATTCTCCGCGCTGTAGAAGTCACCATTGTTGTGCACGACGACATCATTCCGTGGCGTTATCCAGCTAAGCGCGAACTGCAATTTGGAGAATGGCAGCGCAATGACATTCTTGCAGGTATCTTCGAGCCAGCCACGATCGACATTGATCTGGCTATCTTGCTGACAAAAGCAAGAGAACATAGCGTTGCCTTGGTAGGTCCAGCGGCGGAGGAACTCTTTGATCCGGTTCCTGAACAGGATCTATTTGAGGCGCTAAATGAAACCTTAACGCTATGGAACTCGCCGCCCGACTGGGCTGGCGATGAGCGAAATGTAGTGCTTACGTTGTCCCGCATTTGGTACAGCGCAGTAACCGGCAAAATCGCGCCGAAGGATGTCGCTGCCGACTGGGCAATGGAGCGCCTGCCGGCCCAGTATCAGCCCGTCATACTTGAAGCTAGACAGGCTTATCTTGGACAAGAAGAAGATCGCTTGGCCTCGCGCGCAGATCAGTTGGAAGAATTTGTCCACTACGTGAAAGGCGAGATCACCAAGGTAGTCGGCAAATAA
3	gb|AJ809407|+|118-898|ARO:3002620|aadA23	CGAAGTATCGACTCAACTATCAGAGGTAGTTGGCGTCATCGAGCGCCATCTCGAACCGACGTTGCTGGCCGTACATTTGTACGGCTCCGCAGTGGATGGCGGCCTGAAGCCACACAGTGATATTGATTTGCTGGTTACGGTGACCGTAAGGCTTGATGAAACAACGCGGCGAGCTTTGATCAACGACCTTTTGGAAACTTCGGCTTCCCCTGGAGAGAGCGAGATTCTCCGCGCTGTAGAAGTCACCATTGTTGTGCACGACGACATCATTCCGTGGCGTTATCCAGCTAAGCGCGAACTGCAATTTGGAGAATGGCAGCGCAATGACATTCTTGCAGGTATCTTCGAGCCAGCCACGATCGACATTGATCTGGCTATCTTGCTGACAAAAGCAAGAGAACATAGCGTTGCCTTGGTAGGTCCAGCGGCGGAGGAACTCTTTGATCCGGTTCCTGAACAGGATCTATTTGAGGCGCTAAATGAAACCTTAACGCTATGGAACTCGCCGCCCGACTGGGCTGGCGATGAGCGAAATGTAGTGCTTACGTTGTCCCGCATTTGGTACAGCGCAGTAACCGGCAAAATCGCGCCGAAGGATGTCGCTGCCGACTGGGCAATGGAGCGCCTGCCGGCCCAGTATCAGCCCGTCATACTTGAAGCTAGGCAGGCTTATCTTGGACAAGAAGATCGCTTGGCCTCGCGCGCAGATCAGTTGGAAGAATTTGTTCACTACGTGAAAGGCGAGATCACCAAGGTAGTCGGCAAATAA+ GTGACCATCGAAATTTCGAACCAACTATCAGAGGTGCTAAGCGTCATTGAGCGCCATCTGGAATCAACGTTGCTGGCCGTGCATTTGTACGGCTCCGCAGTGGATGGCGGCCTGAAGCCATACAGCGATATTGATTTGTTGGTTACTGTGGCCGTAAAGCTTGATGAAACGACGCGGCGAGCATTGCTCAATGACCTTATGGAGGCTTCGGCTTTCCCTGGCGAGAGCGAGACGCTCCGCGCTATAGAAGTCACCCTTGTCGTGCATGACGACATCATCCCGTGGCGTTATCCGGCTAAGCGCGAGCTGCAATTTGGAGAATGGCAGCGCAATGACATTCTTGCGGGTATCTTCGAGCCAGCCATGATCGACATTGATCTAGCTATCCTGCTTACAAAAGCAAGAGAACATAGCGTTGCCTTGGTAGGTCCGGCAGCGGAGGAATTCTTTGACCCGGTTCCTGAACAGGATCTATTCGAGGCGCTGAGGGAAACCTTGAAGCTATGGAACTCGCAGCCCGACTGGGCCGGCGATGAGCGAAATGTAGTGCTTACGTTGTCCCGCATTTGGTACAGCGCAATAACCGGCAAAATCGCGCCGAAGGATGTCGCTGCCGACTGGGCAATAAAACGCCTACCTGCCCAGTATCAGCCCGTCTTACTTGAAGCTAAGCAAGCTTATCTGGGACAAAAAGAAGATCACTTGGCCTCACGCGCAGATCACTTGGAAGAATTTATTCGCTTTGTGAAAGGCGAGATCATCAAGTCAGTTGGTAAAT	GTGATCGCCGAAGTATCGACTCAACTATCAGAGGTAGTTGGCGTCATCGAGCGCCATCTCGAACCGACGTTGCTGGCCGTACATTTGTACGGCTCCGCAGTGGATGGCGGCCTGAAGCCACACAGTGATATTGATTTGCTGGTTACGGTGACCGTAAGGCTTGATGAAACAACGCGGCGAGCTTTGATCAACGACCTTTTGGAAACTTCGGCTTCCCCTGGAGAGAGCGAGATTCTCCGCGCTGTAGAAGTCACCATTGTTGTGCACGACGACATCATTCCGTGGCGTTATCCAGCTAAGCGCGAACTGCAATTTGGAGAATGGCAGCGCAATGACATTCTTGCAGGTATCTTCGAGCCAGCCACGATCGACATTGATCTGGCTATCTTGCTGACAAAAGCAAGAGAACATAGCGTTGCCTTGGTAGGTCCAGCGGCGGAGGAACTCTTTGATCCGGTTCCTGAACAGGATCTATTTGAGGCGCTAAATGAAACCTTAACGCTATGGAACTCGCCGCCCGACTGGGCTGGCGATGAGCGAAATGTAGTGCTTACGTTGTCCCGCATTTGGTACAGCGCAGTAACCGGCAAAATCGCGCCGAAGGATGTCGCTGCCGACTGGGCAATGGAGCGCCTGCCGGCCCAGTATCAGCCCGTCATACTTGAAGCTAGGCAGGCTTATCTTGGACAAGAAGATCGCTTGGCCTCGCGCGCAGATCAGTTGGAAGAATTTGTTCACTACGTGAAAGGCGAGATCACCAAGGTAGTCGGCAAATAA	13	GTGACCATCGAAATTTCGAACCAACTATCAGAGGTGCTAAGCGTCATTGAGCGCCATCTGGAATCAACGTTGCTGGCCGTGCATTTGTACGGCTCCGCAGTGGATGGCGGCCTGAAGCCATACAGCGATATTGATTTGCTGGTTACGGTGACCGTAAGGCTTGATGAAACAACGCGGCGAGCTTTGATCAACGACCTTTTGGAAACTTCGGCTTCCCCTGGAGAGAGCGAGATTCTCCGCGCTGTAGAAGTCACCATTGTTGTGCACGACGACATCATTCCGTGGCGTTATCCAGCTAAGCGCGAACTGCAATTTGGAGAATGGCAGCGCAATGACATTCTTGCAGGTATCTTCGAGCCAGCCACGATCGACATTGATCTGGCTATCTTGCTGACAAAAGCAAGAGAACATAGCGTTGCCTTAGTAGGTCCAGCGGCGGAGGAACTCTTTGATCCGGTTCCTGAACAGGATCTATTTGAGGCGCTAAATGAAACCTTAACGCTATGGAACTCGCCGCCCGACTGGGCTGGCGATGAGCGAAATGTAGTGCTTACGTTGTCCCGCATTTGGTACAGCGCAGTAACCGGCAAAATCGCGCCGAAGGATGTCGCTGCCGACTGGGCAATGGAGCGCCTGCCGGCCCAGTATCAGCCCGTCATACTTGAAGCTAGACAGGCTTATCTTGGACAAGAAGAAGATCGCTTGGCCTCGCGCGCAGATCAGTTGGAAGAATTTGTCCACTACGTGAAAGGCGAGATCACCAAGGTAGTCGGCAAATAA
4	gb|AM261837|+|73-865|ARO:3002619|aadA22	ATGAGGGAAGCGGTGATCGCCGAAGTATCGACTCAACTATCAGAGGTAGTTGGCGTCATCGAGCGCCATCTCGAACCGACGTTGCTGGCCGTACATTTGTACGGCTCCGCAGTGGATGGCGGCCTGAAGCCACACAGTGATATTGATTTGCTGGTTACGGTGACCGTAAGGCTTGATGAAACAACGCGGCGAGCTTTGATCAACGACCTTTTGGAAACTTCGGCTTCCCCTGGAGAGAGCGAGATTCTCCGCGCTGTAGAAGTCACCATTGTTGTGCACGACGACATCATTCCGTGGCGTTATCCAGCTAAGCGCGAACTGCAATTTGGAGAATGGCAGCGCAATGACATTCTTGCAGGTATCTTCGAGCCAGCCACGATCGACATTGATCTGGCTATCTTGCTGACAAAAGCAAGAGAACATAGCGTTGCCTTGGTAGGTCCAGCGGCGGAGGAACTCTTTGATCCGGTTCCTGAACAGGATCTATTTGAGGCGCTAAATGAAACCTTAACGCTATGGAACTCGCCGCCCGACTGGGCTGGCGATGAGCGAAATGTAGTGCTTACGTTGTCCCGCATTTGGTACAGCGCAGTAACCGGCAAAATCGCGCCGAAGGATGTCGCTGCCGACTGGGCAATGGAGCGCCTGCCGGCCCAGTATCAGCCCGTCATACTTGAAGCTAGGCAGGCTTATCTTGGACAAGAAGATCGCTTGGCCTCGCGCGCAGATCAGTTGGAAGAATTTGTTCACTACGTGAAAGGCGAGATCACCAAGGTAGTCGGCAAATAA+ ATGAGGGTAGCGGTGACCATCGAAATTTCGAACCAACTATCAGAGGTGCTAAGCGTCATTGAGCGCCATCTGGAATCAACGTTGCTGGCCGTGCATTTGTACGGCTCCGCAGTGGATGGCGGCCTGAAGCCATACAGCGATATTGATTTGTTGGTTACTGTGGCCGTAAAGCTTGATGAAACGACGCGGCGAGCATTGCTCAATGACCTTATGGAGGCTTCGGCTTTCCCTGGCGAGAGCGAGACGCTCCGCGCTATAGAAGTCACCCTTGTCGTGCATGACGACATCATCCCGTGGCGTTATCCGGCTAAGCGCGAGCTGCAATTTGGAGAATGGCAGCGCAATGACATTCTTGCGGGTATCTTCGAGCCAGCCATGATCGACATTGATCTAGCTATCCTGCTTACAAAAGCAAGAGAACATAGCGTTGCCTTGGTAGGTCCGGCAGCGGAGGAATTCTTTGACCCGGTTCCTGAACAGGATCTATTCGAGGCGCTGAGGGAAACCTTGAAGCTATGGAACTCGCAGCCCGACTGGGCCGGCGATGAGCGAAATGTAGTGCTTACGTTGTCCCGCATTTGGTACAGCGCAATAACCGGCAAAATCGCGCCGAAGGATGTCGCTGCCGACTGGGCAATAAAACGCCTACCTGCCCAGTATCAGCCCGTCTTACTTGAAGCTAAGCAAGCTTATCTGGGACAAAAAGAAGATCACTTGGCCTCACGCGCAGATCACTTGGAAGAATTTATTCGCTTTGTGAAAGGCGAGATCATCAAG	ATGAGGGAAGCGGTGATCGCCGAAGTATCGACTCAACTATCAGAGGTAGTTGGCGTCATCGAGCGCCATCTCGAACCGACGTTGCTGGCCGTACATTTGTACGGCTCCGCAGTGGATGGCGGCCTGAAGCCACACAGTGATATTGATTTGCTGGTTACGGTGACCGTAAGGCTTGATGAAACAACGCGGCGAGCTTTGATCAACGACCTTTTGGAAACTTCGGCTTCCCCTGGAGAGAGCGAGATTCTCCGCGCTGTAGAAGTCACCATTGTTGTGCACGACGACATCATTCCGTGGCGTTATCCAGCTAAGCGCGAACTGCAATTTGGAGAATGGCAGCGCAATGACATTCTTGCAGGTATCTTCGAGCCAGCCACGATCGACATTGATCTGGCTATCTTGCTGACAAAAGCAAGAGAACATAGCGTTGCCTTGGTAGGTCCAGCGGCGGAGGAACTCTTTGATCCGGTTCCTGAACAGGATCTATTTGAGGCGCTAAATGAAACCTTAACGCTATGGAACTCGCCGCCCGACTGGGCTGGCGATGAGCGAAATGTAGTGCTTACGTTGTCCCGCATTTGGTACAGCGCAGTAACCGGCAAAATCGCGCCGAAGGATGTCGCTGCCGACTGGGCAATGGAGCGCCTGCCGGCCCAGTATCAGCCCGTCATACTTGAAGCTAGGCAGGCTTATCTTGGACAAGAAGATCGCTTGGCCTCGCGCGCAGATCAGTTGGAAGAATTTGTTCACTACGTGAAAGGCGAGATCACCAAGGTAGTCGGCAAATAA	17	ATGAGGGTAGCGGTGACCATCGAAATTTCGAACCAACTATCAGAGGTGCTAAGCGTCATTGAGCGCCATCTGGAATCAACGTTGCTGGCCGTGCATTTGTACGGCTCCGCAGTGGATGGCGGCCTGAAGCCATACAGCGATATTGATTTGCTGGTTACGGTGACCGTAAGGCTTGATGAAACAACGCGGCGAGCTTTGATCAACGACCTTTTGGAAACTTCGGCTTCCCCTGGAGAGAGCGAGATTCTCCGCGCTGTAGAAGTCACCATTGTTGTGCACGACGACATCATTCCGTGGCGTTATCCAGCTAAGCGCGAACTGCAATTTGGAGAATGGCAGCGCAATGACATTCTTGCAGGTATCTTCGAGCCAGCCACGATCGACATTGATCTGGCTATCTTGCTGACAAAAGCAAGAGAACATAGCGTTGCCTTGGTAGGTCCAGCGGCGGAGGAACTCTTTGATCCGGTTCCTGAACAGGATCTATTTGAGGCGCTAAATGAAACCTTAACGCTATGGAACTCGCCGCCCGACTGGGCTGGCGATGAGCGAAATGTAGTGCTTACGTTGTCCCGCATTTGGTACAGCGCAGTAACCGGCAAAATCGCGCCGAAGGATGTCGCTGCCGACTGGGCAATGGAGCGCCTGCCGGCCCAGTATCAGCCCGTCATACTTGAAGCTAGACAGGCTTATCTTGGACAAGAAGAAGATCGCTTGGCCTCGCGCGCAGATCAGTTGGAAGAATTTGTCCACTACGTGAAAGGCGAGATCACCAAGGTAATCGGCAAATAA
5	gb|AP009048|-|4338624-4340268|ARO:3003576|eptA	ATGTTGAAGCGCCTACTAAAAAGACCCTCTTTGAATTTACTCGCCTGGCTATTGTTAGCCGCTTTTTATATCTCTATCTGCCTGAATATTGCCTTTTTTAAACAGGTGTTGCAGGCGCTGCCGCTGGACTCGCTGCATAACGTACTGGTTTTCTTGTCGATGCCGGTCGTCGCCTTCAGCGTGATTAATATTGTCCTGACACTAAGCTCTTTCTTGTGGCTTAATCGACCGCTGGCCTGCCTGTTTATTCTGGTCGGCGCAGCTGCACAATATTTCATAATGACTTACGGCATCGTCATCGACCGCTCGATGATTGCCAATATTATTGATACCACTCCGGCAGAAAGTTATGCGTTGATGACACCGCAAATGTTATTAACGCTGGGATTCAGCGGCGTGCTTGCTGCGCTGATTGCCTGCTGGATTAAAATCAAACCAGCCACCTCGCGCCTGCGCAGTGTTCTTTTCCGTGGAGCCAATATTCTGGTTTCTGTACTGCTGATTTTGCTGGTCGCCGCACTGTTTTATAAAGACTACGCCTCGTTGTTTCGCAATAACAAAGAGCTGGTGAAATCCTTAAGCCCCTCTAACAGCATTGTTGCCAGCTGGTCATGGTACTCCCATCAGCGACTGGCAAATCTGCCGCTGGTGCGAATTGGTGAAGACGCGCACCGCAACCCGTTAATGCAGAACGAGACACGTAAAAATTTGACCATCCTGATTGTCGGCGAAACCTCGCGGGCGGAGAACTTCTCCCTCAACGGCTACCCGCGTGAAACTAACCCGCGGCTGGCAAAAGATAACGTGGTCTATTTTCCTAATACCGCATCTTGCGGCACGGCAACGGCAGTTTCAGTACCGTGCATGTTCTCGGATATGCCGCGTGAGCACTACAAAGAAGAGCTGGCACAGCACCAGGAAGGCGTGCTGGATATCATTCAGCGAGCGGGCATCAACGTGCTGTGGAATGACAACGATGGCGGCTGTAAAGGCGTTTGCGATCGCGTACCTCACCAGAACGTCACCGCGCTGAACCTGCCTGGTCAGTGCATCAACGGCGAGTGCTATGATGAAGTACTGTTCCACGGGCTGGAAGATTACATCAATAACCTGCAGGGTGATGGCGTGATTGTCTTACACACCATCGGCAGCCACGGCCCGACCTATTACAACCGCTATCCGCCGCAGTTCAGGAAATTTACCCCAACCTGCGACACTAACGAGATCCAGACCTGTACCCAAGAGCAACTGGTGAACACTTACGACAACACGCTGGTTTACGTCGACTATATTGTTGATAAAGCGATTAATCTGCTGAAAGAACATCAGGATAAATTTACCACCAGCCTGGTTTATCTTTCTGACCACGGTGAATCGTTAGGTGAAAATGGCATCTATCTGCACGGTCTGCCTTATGCCATCGCCCCGGATAGCCAAAAACAGGTGCCGATGCTGCTGTGGCTGTCGGAGGATTATCAAAAACGGTATCAGGTTGACCAGAACTGCCTGCAAAAACAGGCGCAAACGCAACACTATTCACAAGACAATTTATTCTCAACCTTATTGGGCCTGACTGGCGTTGAGACGAAGTATTACCAGGCTGCGGATGATATTCTGCAAACTTGCAGGAGAGTGAGTGAATGA	0	18	ATGTTGAAGCGCCTACTAAAAAGACCCTCTTTGAATTTACTCGCCTGGCTATTGTTGGCCGCTTTTTATATCTCTATCTGCCTGAATATTGCCTTTTTTAAACAGGTGTTGCAGGCGCTGCCGCTGGATTCGCTGCATAACGTACTGGTTTTCTTGTCGATGCCGGTCGTCGCTTTCAGCGTGATTAATATTGTCCTGACACTAAGCTCTTTCTTATGGCTTAATCGACCACTGGCCTGCCTGTTTATTCTGGTTGGCGCGGCTGCACAATATTTCATAATGACTTACGGCATCGTCATCGACCGCTCGATGATTGCCAATATTATTGATACCACTCCGGCAGAAAGTTATGCGCTGATGACACCGCAAATGTTATTAACGCTGGGATTCAGCGGCGTGCTTGCTGCGCTGATTGCCTGCTGGATAAAAATCAAACCTGCCACCTCGCGTCTGCGCAGTGTTCTTTTCCGTGGAGCCAATATTCTGGTTTCTGTACTACTGATTTTGCTGGTCGCCGCACTGTTTTATAAAGACTACGCCTCGTTGTTCCGCAATAACAAAGAGCTGGTGAAATCCTTAAGCCCCTCTAACAGCATTGTTGCCAGCTGGTCATGGTACTCCCATCAGCGACTGGCAAATCTGCCGCTGGTGCGAATTGGTGAAGACGCGCACCGCAACCCGTTAATGCAGAACGAAAAACGTAAAAATTTGACCATCCTGATTGTCGGCGAAACCTCGCGGGCGGAGAACTTCTCCCTCAACGGCTACCCGCGTGAAACTAACCCGCGGCTGGCGAAAGATAACGTGGTCTATTTCCCTAATACCGCATCTTGCGGCACGGCAACGGCAGTTTCAGTACCGTGCATGTTCTCGGATATGCCGCGTGAGCACTACAAAGAAGAGCTGGCACAGCACCAGGAAGGCGTGCTGGATATCATTCAGCGAGCGGGCATCAACGTGCTGTGGAATGACAACGATGGCGGCTGTAAAGGTGCCTGCGACCGCGTGCCTCACCAGAACGTCACCGCGCTGAATCTACCTGATCAGTGCATCAACGGCGAATGCTATGACGAAGTGCTGTTCCACGGGCTTGAAGAGTACATCAATAACCTGCAAGGTGATGGCGTGATTGTCTTACACACCATCGGCAGCCACGGTCCGACCTATTACAACCGCTATCCGCCTCAGTTCAGGAAATTTACCCCAACCTGCGACACCAATGAGATCCAGACCTGTACCAAAGAGCAACTGGTGAACACTTACGACAACACGCTGGTTTACGTCGACTATATTGTTGATAAAGCGATTAATCTGCTGAAAGAACATCAGGATAAATTTACCACCAGCCTGGTTTATCTTTCTGACCACGGTGAATCGTTAGGTGAAAATGGCATCTATCTGCACGGTCTGCCTTATGCCATCGCCCCGGATAGCCAAAAACAGGTGCCGATGCTGCTGTGGCTGTCGGAGGATTATCAAAAACGGTATCAGGTTGACCAGAACTGCCTGCAAAAACAGGCGCAAACGCAACACTATTCACAAGACAATTTATTCTCCACGCTATTGGGATTAACTGGCGTTGAGACGAAGTATTACCAGGCTGCGGATGATATTCTGCAAACTTGCAGGAGAGTGAGTGAATGA
6	gb|AP012030.1|-|395553-396711|ARO:3004612|Escherichia_coli_ampH	TTGAAACGTAGTCTGCTTTTTTCTGCCGTGCTGTGTGCGGCGTCATTGACCTCCGTCCATGCGGCGCAGCCGATCACTGAACCGGAGTTCGCCTCTGATATTGTCGATCGTTATGCCGATCATATTTTTTACGGCAGCGGTGCCACGGGGATGGCGCTGGTTGTTATCGACGGTAACCAGCGCGTCTTTCGCAGTTATGGCGAAACGCGACCTGGTAATAACGTTCGCCCGCAGCTGGATTCGGTAGTGCGTATTGCTTCCCTCACCAAGCTAATGACCAGTGAAATGCTGGTGAAATTGCTCGACCAGGGGACCGTGAAGTTAAACGATCCGCTAAGTAAATATGCTCCGCCAGGCGCACGCGTGCCAACCTACAATGGGACGCCCATTACGCTGGTGAATCTGGCAACCCATACCAGCGCCCTGCCCCGTGAACAGCCCGGTGGCGCGGCACATCGTCCGGTATTTGTCTGGCCAACGCGCGAGCAACGCTGGAAATACCTTTCCACTGCCAAACTAAAAGCCGCGCCGGGCAGCCAGGCCGCGTACTCCAACCTCGCATTCGATCTGCTGGCAGATGCACTGGCGAATGCGTCCGGCAAGCCTTATACCCAGTTGTTTGAAGAGCAGATTACCCGTCCATTGGGGATGAAAGACACCACCTACACCCCCTCGCCGGATCAGTGCCGCCGTTTAATGGTGGCAGAGCGCGGTGCCAGTCCATGCAATAACACGCTGGCGGCAATTGGCAGCGGCGGCGTCTATTCCACGCCTGGCGATATGATGCGCTGGATGCAGCAGTATTTGTCATCTGATTTTTATCAGCGCAGTAATCAGGCAGATCGCATGCAGACGTTGATTTATCAGCGCGCGCAGTTTACGAAAGTGATTGGCATGGATGTCCCCGGCAAAGCGGATGCGCTTGGTTTAGGCTGGGTATATATGGCCCCGAAAGAGGGTCGTCCGGGGATTATTCAGAAGACAGGCGGTGGTGGCGGTTTCATTACCTATATGGCGATGATCCCGCAGAAGAATATTGGCGCATTTGTGGTGGTCACTCGTTCTCCATTGACGCGCTTTAAAAATATGAGCGATGGCATCAATGACCTGGTGACCGAACTGAGCGGGAATAAACCGTTGGTCATCCCCGCGTCCTGA	0	19	TTGAAACGTAGTCTGCTTTTTTCTGCCGTGCTGTGTGCGGCGTCATTGACCTCCGTCCATGCGGCGCAGCCGATCACTGAACCGGAGTTTGCCTCTGATATTGTCGATCGTTATGCCGATCATATTTTTTACGGCAGCGGTGCCACGGGGATGGCTCTGGTTGTTATCGACGGTAACCAGCGCGTCTTTCGCAGTTATGGCGAAACGCGACCTGGTAATAACGTTCGCCCGCAGCTGGATTCGGTCGTGCGTATTGCTTCCCTCACCAAGCTAATGACCAGTGAGATGCTGGTGAAATTGCTCGACCAGGGGACCGTGAAGTTAAACGATCCGCTAAGTAAATATGCTCCGCCAGGCGCACGCGTGCCAACCTACAATGGGACGCCCATTACGCTGGTCAATCTGGCAACCCATACCAGCGCCCTGCCCCGTGAACAGCCCGGTGGCGCGGCACATCGTCCGGTGTTTGTCTGGCCAACGCGCGAGCAACGCTGGAAATACCTTTCTACGGCGAAGCTGAAAGCCGCGCCAGGCAGTCAGGCGGCGTACTCTAACCTTGCGTTCGACCTGCTGGCAGATGCACTGGCGAATGCGTCCGGCAAGCCTTATACCCAGTTGTTTGAAGAGCAGATTACCCGTCCATTGGGGATGAAAGACACCACCTACACCCCCTCACCGGATCAGTGCCGCCGTTTAATGGTTGCTGAGCGCGGTGCCAGTCCGTGCAATAACACGCTGGCGGCAATTGGCAGCGGCGGCGTCTATTCCACGCCTGGCGATATGATGCGCTGGATGCAGCAGTATTTGTCATCTGATTTTTATCAGCGCAGTAACCAGGCAGATCGCATGCAGACGTTGATTTATCAGCGCGCGCAGTTTACGAAAGTGATTGGCATGGATGTCCCCGGCAAAGCGGATGCGCTTGGTTTAGGTTGGGTATATATGGCCCCGAAAGAGGGTCGTCCGGGGATTATTCAGAAGACAGGCGGTGGTGGCGGTTTCATTACCTATATGGCGATGATCCCGCAGAAGAATATTGGCGCGTTTGTGGTGGTCACTCGTTCGCCGTTGACGCGCTTTAAAAATATGAGCGATGGCATCAATGACCTGGTGACCGAGCTAAGCGGGAATAAACCGTTGGTTATCCCCGCGTCCTGA
7	gb|AY055428.1|-|20268-21084|ARO:3000412|sul2	ATGAATAAATCGCTCATCATTTTCGGCATCGTCAACATAACCTCGGACAGTTTCTCCGATGGAGGCCGGTATCTGGCGCCAGACGCAGCCATTGCGCAGGCGCGTAAGCTGATGGCCGAGGGGGCAGATGTGATCGACCTCGGTCCGGCATCCAGCAATCCCGACGCCGCGCCTGTTTCGTCCGACACAGAAATCGCGCGTATCGCGCCGGTGCTGGACGCGCTCAAGGCAGATGGCATTCCCGTCTCGCTCGACAGTTATCAACCCGCGACGCAAGCCTATGCCTTGTCGCGTGGTGTGGCCTATCTCAATGATATTCGCGGTTTTCCAGACGCTGCGTTCTATCCGCAATTGGCGAAATCATCTGCCAAACTCGTCGTTATGCATTCGGTGCAAGACGGGCAGGCAGATCGGCGCGAGGCACCCGCTGGCGACATCATGGATCACATTGCGGCGTTCTTTGACGCGCGCATCGCGGCGCTGACGGGTGCCGGTATCAAACGCAACCGCCTTGTCCTTGATCCCGGCATGGGGTTTTTTCTGGGGGCTGCTCCCGAAACCTCGCTCTCGGTGCTGGCGCGGTTCGATGAATTGCGGCTGCGCTTCGATTTGCCGGTGCTTCTGTCTGTTTCGCGCAAATCCTTTCTGCGCGCGCTCACAGGCCGTGGTCCGGGGGATGTCGGGGCCGCGACACTCGCTGCAGAGCTTGCCGCCGCCGCAGGTGGAGCTGACTTCATCCGCACACACGAGCCGCGCCCCTTGCGCGACGGGCTGGCGGTATTGGCGGCGCTGAAAGAAACCGCAAGAATTCGTTAA	ATGAATAAATCGCTCATCATTTTCGGCATCGTCAACATAACCTCGGACAGTTTCTCCGATGGAGGCCGGTATCTGGCGCCAGACGCAGCCATTGCGCAGGCGCGTAAGCTGATGGCCGAGGGGGCAGATGTGATCGACCTCGGTCCGGCATCCAGCAATCCCGACGCCGCGCCTGTTTCGTCCGACACAGAAATCGCGCGTATCGCGCCGGTGCTGGACGCGCTCAAGGCAGATGGCATTCCCGTCTCGCTCGACAGTTATCAACCCGCGACGCAAGCCTATGCCTTGTCGCGTGGTGTGGCCTATCTCAATGATATTCGCGGTTTTCCAGACGCTGCGTTCTATCCGCAATTGGCGAAATCATCTGCCAAACTCGTCGTTATGCATTCGGTGCAAGACGGGCAGGCAGATCGGCGCGAGGCACCCGCTGGCGACATCATGGATCACATTGCGGCGTTCTTTGACGCGCGCATCGCGGCGCTGACGGGTGCCGGTATCAAACGCAACCGCCTTGTCCTTGATCCCGGCATGGGGTTTTTTCTGGGGGCTGCTCCCGAAACCTCGCTCTCGGTGCTGGCGCGGTTCGATGAATTGCGGCTGCGCTTCGATTTGCCGGTGCTTCTGTCTGTTTCGCGCAAATCCTTTCTGCGCGCGCTCACAGGCCGTGGTCCGGGGGATGTCGGGGCCGCGACACTCGCTGCAGAGCTTGCCGCCGCCGCAGGTGGAGCTGACTTCATCCGCACACACGAGCCGCGCCCCTTGCGCGACGGGCTGGCGGTATTGGCGGCGCTGAAAGAAACCGCAAGAATTCGTTAA	21	ATGAATAAATCGCTCATCATTTTCGGCATCGTCAACATAACCTCGGACAGTTTCTCCGATGGAGGCCGGTATCTGGCGCCAGACGCAGCCATTGCGCAGGCGCGTAAGCTGATGGCCGAGGGGGCAGATGTGATCGACCTCGGTCCGGCATCCAGCAATCCCGACGCCGCGCCTGTTTCGTCCGACACAGAAATCGCGCGTATCGCGCCGGTGCTGGACGCGCTCAAGGCAGATGGCATTCCCGTCTCGCTCGACAGTTATCAACCCGCGACGCAAGCCTATGCCTTGTCGCGTGGTGTGGCCTATCTCAATGATATTCGCGGTTTTCCAGACGCTGCGTTCTATCCGCAATTGGCGAAATCATCTGCCAAACTCGTCGTTATGCATTCGGTGCAAGACGGGCAGGCAGATCGGCGCGAGGCACCCGCTGGCGACATCATGGATCACATTGCGGCGTTCTTTGACGCGCGCATCGCGGCGCTGACGGGTGCCGGTATCAAACGCAACCGCCTTGTCCTTGATCCCGGCATGGGGTTTTTTCTGGGGGCTGCTCCCGAAACCTCGCTCTCGGTGCTGGCGCGGTTCGATGAATTGCGGCTGCGCTTCGATTTGCCGGTGCTTCTGTCTGTTTCGCGCAAATCCTTTCTGCGCGCGCTCACAGGCCGTGGTCCGGGGGATGTCGGGGCCGCGACACTCGCTGCAGAGCTTGCCGCCGCCGCAGGTGGAGCTGACTTCATCCGCACACACGAGCCGCGCCCCTTGCGCGACGGGCTGGCGGTATTGGCGGCGCTGAAAGAAACCGCAAGAATTCGTTAA
8	gb|AY171244|+|46-838|ARO:3002618|aadA21	ATGAGGGAAGCGGTGATCGCCGAAGTATCGACTCAACTATCAGAGGTAGTTGGCGTCATCGAGCGCCATCTCGAACCGACGTTGCTGGCCGTACATTTGTACGGCTCCGCAGTGGATGGCGGCCTGAAGCCACACAGTGATATTGATTTGCTGGTTACGGTGACCGTAAGGCTTGATGAAACAACGCGGCGAGCTTTGATCAACGACCTTTTGGAAACTTCGGCTTCCCCTGGAGAGAGCGAGATTCTCCGCGCTGTAGAAGTCACCATTGTTGTGCACGACGACATCATTCCGTGGCGTTATCCAGCTAAGCGCGAACTGCAATTTGGAGAATGGCAGCGCAATGACATTCTTGCAGGTATCTTCGAGCCAGCCACGATCGACATTGATCTGGCTATCTTGCTGACAAAAGCAAGAGAACATAGCGTTGCCTTGGTAGGTCCAGCGGCGGAGGAACTCTTTGATCCGGTTCCTGAACAGGATCTATTTGAGGCGCTAAATGAAACCTTAACGCTATGGAACTCGCCGCCCGACTGGGCTGGCGATGAGCGAAATGTAGTGCTTACGTTGTCCCGCATTTGGTACAGCGCAGTAACCGGCAAAATCGCGCCGAAGGATGTCGCTGCCGACTGGGCAATGGAGCGCCTGCCGGCCCAGTATCAGCCCGTCATACTTGAAGCTAGGCAGGCTTATCTTGGACAAGAAGATCGCTTGGCCTCGCGCGCAGATCAGTTGGAAGAATTTGTTCACTACGTGAAAGGCGAGATCACCAAGGTAGTCGGCAAATAA+ ATGAGGGTAGCGGTGACCATCGAAATTTCGAACCAACTATCAGAGGTGCTAAGCGTCATTGAGCGCCATCTGGAATCAACGTTGCTGGCCGTGCATTTGTACGGCTCCGCAGTGGATGGCGGCCTGAAGCCATACAGCGATATTGATTTGTTGGTTACTGTGGCCGTAAAGCTTGATGAAACGACGCGGCGAGCATTGCTCAATGACCTTATGGAGGCTTCGGCTTTCCCTGGCGAGAGCGAGACGCTCCGCGCTATAGAAGTCACCCTTGTCGTGCATGACGACATCATCCCGTGGCGTTATCCGGCTAAGCGCGAGCTGCAATTTGGAGAATGGCAGCGCAATGACATTCTTGCGGGTATCTTCGAGCCAGCCATGATCGACATTGATCTAGCTATCCTGCTTACAAAAGCAAGAGAACATAGCGTTGCCTTGGTAGGTCCGGCAGCGGAGGAATTCTTTGACCCGGTTCCTGAACAGGATCTATTCGAGGCGCTGAGGGAAACCTTGAAGCTATGGAACTCGCAGCCCGACTGGGCCGGCGATGAGCGAAATGTAGTGCTTACGTTGTCCCGCATTTGGTACAGCGCAATAACCGGCAAAATCGCGCCGAAGGATGTCGCTGCCGACTGGGCAATAAAACGCCTACCTGCCCAGTATCAGCCCGTCTTACTTGAAGCTAAGCAAGCTTATCTGGGACAAAAAGAAGATCACTTGGCCTCACGCGCAGATCACTTGGAAGAATTTATTCGCTTTGTGAAAGGCGAGATCATCAAGTCAGTTGGTAAAT	ATGAGGGAAGCGGTGATCGCCGAAGTATCGACTCAACTATCAGAGGTAGTTGGCGTCATCGAGCGCCATCTCGAACCGACGTTGCTGGCCGTACATTTGTACGGCTCCGCAGTGGATGGCGGCCTGAAGCCACACAGTGATATTGATTTGCTGGTTACGGTGACCGTAAGGCTTGATGAAACAACGCGGCGAGCTTTGATCAACGACCTTTTGGAAACTTCGGCTTCCCCTGGAGAGAGCGAGATTCTCCGCGCTGTAGAAGTCACCATTGTTGTGCACGACGACATCATTCCGTGGCGTTATCCAGCTAAGCGCGAACTGCAATTTGGAGAATGGCAGCGCAATGACATTCTTGCAGGTATCTTCGAGCCAGCCACGATCGACATTGATCTGGCTATCTTGCTGACAAAAGCAAGAGAACATAGCGTTGCCTTGGTAGGTCCAGCGGCGGAGGAACTCTTTGATCCGGTTCCTGAACAGGATCTATTTGAGGCGCTAAATGAAACCTTAACGCTATGGAACTCGCCGCCCGACTGGGCTGGCGATGAGCGAAATGTAGTGCTTACGTTGTCCCGCATTTGGTACAGCGCAGTAACCGGCAAAATCGCGCCGAAGGATGTCGCTGCCGACTGGGCAATGGAGCGCCTGCCGGCCCAGTATCAGCCCGTCATACTTGAAGCTAGGCAGGCTTATCTTGGACAAGAAGATCGCTTGGCCTCGCGCGCAGATCAGTTGGAAGAATTTGTTCACTACGTGAAAGGCGAGATCACCAAGGTAGTCGGCAAATAA	22	ATGAGGGTAGCGGTGACCATCGAAATTTCGAACCAACTATCAGAGGTGCTAAGCGTCATTGAGCGCCATCTGGAATCAACGTTGCTGGCCGTGCATTTGTACGGCTCCGCAGTGGATGGCGGCCTGAAGCCATACAGCGATATTGATTTGCTGGTTACGGTGACCGTAAGGCTTGATGAAACAACGCGGCGAGCTTTGATCAACGACCTTTTGGAAACTTCGGCTTCCCCTGGAGAGAGCGAGATTCTCCGCGCTGTAGAAGTCACCATTGTTGTGCACGACGACATCATTCCGTGGCGTTATCCAGCTAAGCGCGAACTGCAATTTGGAGAATGGCAGCGCAATGACATTCTTGCAGGTATCTTCGAGCCAGCCACGATCGACATTGATCTGGCTATCTTGCTGACAAAAGCAAGAGAACATAGCGTTGCCTTGGTAGGTCCAGCGGCGGAGGAACTCTTTGATCCGGTTCCTGAACAGGATCTATTTGAGGCGCTAAATGAAACCTTAACGCTATGGAACTCGCCGCCCGACTGGGCTGGCGATGAGCGAAATGTAGTGCTTACGTTGTCCCGCATTTGGTACAGCGCAGTAACCGGCAAAATCGCGCCGAAGGATGTCGCTCGCGACTGGGCAATGGAGCGCCTGCCGGCCCAGTATCAGCCCGTCATACTTGAAGCTAGACAGGCTTATCTTGGACAAGAAGAAGATCGCTTGGCCTCGCGCGCAGATCAGTTGGAAGAATTTGTCCACTACGTGAAAGGCGAGATCACCAAGGTAGTCGGCAAATAA
9	gb|DQ393783|+|1799-2591|ARO:3002615|aadA15	ATGAGGGAAGCGGTGATCGCCGAAGTATCGACTCAACTATCAGAGGTAGTTGGCGTCATCGAGCGCCATCTCGAACCGACGTTGCTGGCCGTACATTTGTACGGCTCCGCAGTGGATGGCGGCCTGAAGCCACACAGTGATATTGATTTGCTGGTTACGGTGACCGTAAGGCTTGATGAAACAACGCGGCGAGCTTTGATCAACGACCTTTTGGAAACTTCGGCTTCCCCTGGAGAGAGCGAGATTCTCCGCGCTGTAGAAGTCACCATTGTTGTGCACGACGACATCATTCCGTGGCGTTATCCAGCTAAGCGCGAACTGCAATTTGGAGAATGGCAGCGCAATGACATTCTTGCAGGTATCTTCGAGCCAGCCACGATCGACATTGATCTGGCTATCTTGCTGACAAAAGCAAGAGAACATAGCGTTGCCTTGGTAGGTCCAGCGGCGGAGGAACTCTTTGATCCGGTTCCTGAACAGGATCTATTTGAGGCGCTAAATGAAACCTTAACGCTATGGAACTCGCCGCCCGACTGGGCTGGCGATGAGCGAAATGTAGTGCTTACGTTGTCCCGCATTTGGTACAGCGCAGTAACCGGCAAAATCGCGCCGAAGGATGTCGCTGCCGACTGGGCAATGGAGCGCCTGCCGGCCCAGTATCAGCCCGTCATACTTGAAGCTAGGCAGGCTTATCTTGGACAAGAAGATCGCTTGGCCTCGCGCGCAGATCAGTTGGAAGAATTTGTTCACTACGTGAAAGGCGAGATCACCAAGGTAGTCGGCAAAT+ ATGAGGGTAGCGGTGACCATCGAAATTTCGAACCAACTATCAGAGGTGCTAAGCGTCATTGAGCGCCATCTGGAATCAACGTTGCTGGCCGTGCATTTGTACGGCTCCGCAGTGGATGGCGGCCTGAAGCCATACAGCGATATTGATTTGTTGGTTACTGTGGCCGTAAAGCTTGATGAAACGACGCGGCGAGCATTGCTCAATGACCTTATGGAGGCTTCGGCTTTCCCTGGCGAGAGCGAGACGCTCCGCGCTATAGAAGTCACCCTTGTCGTGCATGACGACATCATCCCGTGGCGTTATCCGGCTAAGCGCGAGCTGCAATTTGGAGAATGGCAGCGCAATGACATTCTTGCGGGTATCTTCGAGCCAGCCATGATCGACATTGATCTAGCTATCCTGCTTACAAAAGCAAGAGAACATAGCGTTGCCTTGGTAGGTCCGGCAGCGGAGGAATTCTTTGACCCGGTTCCTGAACAGGATCTATTCGAGGCGCTGAGGGAAACCTTGAAGCTATGGAACTCGCAGCCCGACTGGGCCGGCGATGAGCGAAATGTAGTGCTTACGTTGTCCCGCATTTGGTACAGCGCAATAACCGGCAAAATCGCGCCGAAGGATGTCGCTGCCGACTGGGCAATAAAACGCCTACCTGCCCAGTATCAGCCCGTCTTACTTGAAGCTAAGCAAGCTTATCTGGGACAAAAAGAAGATCACTTGGCCTCACGCGCAGATCACTTGGAAGAATTTATTCGCTTTGTGAAAGGCGAGATCATCAAGTCAGTTGGTAAATGA	ATGAGGGAAGCGGTGATCGCCGAAGTATCGACTCAACTATCAGAGGTAGTTGGCGTCATCGAGCGCCATCTCGAACCGACGTTGCTGGCCGTACATTTGTACGGCTCCGCAGTGGATGGCGGCCTGAAGCCACACAGTGATATTGATTTGCTGGTTACGGTGACCGTAAGGCTTGATGAAACAACGCGGCGAGCTTTGATCAACGACCTTTTGGAAACTTCGGCTTCCCCTGGAGAGAGCGAGATTCTCCGCGCTGTAGAAGTCACCATTGTTGTGCACGACGACATCATTCCGTGGCGTTATCCAGCTAAGCGCGAACTGCAATTTGGAGAATGGCAGCGCAATGACATTCTTGCAGGTATCTTCGAGCCAGCCACGATCGACATTGATCTGGCTATCTTGCTGACAAAAGCAAGAGAACATAGCGTTGCCTTGGTAGGTCCAGCGGCGGAGGAACTCTTTGATCCGGTTCCTGAACAGGATCTATTTGAGGCGCTAAATGAAACCTTAACGCTATGGAACTCGCCGCCCGACTGGGCTGGCGATGAGCGAAATGTAGTGCTTACGTTGTCCCGCATTTGGTACAGCGCAGTAACCGGCAAAATCGCGCCGAAGGATGTCGCTGCCGACTGGGCAATGGAGCGCCTGCCGGCCCAGTATCAGCCCGTCATACTTGAAGCTAGGCAGGCTTATCTTGGACAAGAAGATCGCTTGGCCTCGCGCGCAGATCAGTTGGAAGAATTTGTTCACTACGTGAAAGGCGAGATCACCAAGGTAGTCGGCAAATA	26	ATGAGGGAAGCGGTGATCGCCGAAGTATCGACTCAACTATCAGAGGTAGTTGGCGTCATCGAGCGCCATCTCGAACCGACGTTGCTGGCCGTCCATTTGTACGGCTCCGCAGTGGATGGCGGCCTGAAGCCACACAGTGATATTGATTTGCTGGTTACGGTGACCGTAAGGCTTGATGAAACAACGCGGCGAGCTTTGATCAACGACCTTTTGGAAACTTCGGCTTCCCCTGGAGAGAGCGAGATTCTCCGCGCTGTAGAAGTCACCATTGTTGTGCACGACGACATCATTCCGTGGCGTTATCCAGCTAAGCGCGAACTGCAATTTGGAGAATGGCAGCGCAATGACATTCTTGCAGGTATCTTCGAGCCAGCCACGATCGACATTGATCTGGCTATCTTGCTGACAAAAGCAAGAGAACATAGCGTTGCCTTGGTAGGTCCAGCGGCGGAGGAACTCTTTGATCCGGTTCCTGAACAGGATCTATTTGAGGCGCTAAATGAAACCTTAACGCTATGGAACTCGCCGCCCGACTGGGCCGGCGATGAGCGAAATGTAGTGCTTACGTTGTCCCGCATTTGGTACAGCGCAATAACCGGCAAAATCGCGCCGAAGGATGTCGCTGCCGACTGGGCAATAAAACGCCTACCTGCCCAGTATCAGCCCGTCTTACTTGAAGCTAAGCAAGCTTATCTGGGACAAAAAGAAGATCACTTGGCCTCACGCGCAGATCACTTGGAAGAATTTATTCGCTTTGTGAAAGGCGAGATCATCAAGTCAGTTGGTAAATGA
10	gb|DQ677333|+|0-780|ARO:3002621|aadA24	CGAAGTATCGACTCAACTATCAGAGGTAGTTGGCGTCATCGAGCGCCATCTCGAACCGACGTTGCTGGCCGTACATTTGTACGGCTCCGCAGTGGATGGCGGCCTGAAGCCACACAGTGATATTGATTTGCTGGTTACGGTGACCGTAAGGCTTGATGAAACAACGCGGCGAGCTTTGATCAACGACCTTTTGGAAACTTCGGCTTCCCCTGGAGAGAGCGAGATTCTCCGCGCTGTAGAAGTCACCATTGTTGTGCACGACGACATCATTCCGTGGCGTTATCCAGCTAAGCGCGAACTGCAATTTGGAGAATGGCAGCGCAATGACATTCTTGCAGGTATCTTCGAGCCAGCCACGATCGACATTGATCTGGCTATCTTGCTGACAAAAGCAAGAGAACATAGCGTTGCCTTGGTAGGTCCAGCGGCGGAGGAACTCTTTGATCCGGTTCCTGAACAGGATCTATTTGAGGCGCTAAATGAAACCTTAACGCTATGGAACTCGCCGCCCGACTGGGCTGGCGATGAGCGAAATGTAGTGCTTACGTTGTCCCGCATTTGGTACAGCGCAGTAACCGGCAAAATCGCGCCGAAGGATGTCGCTGCCGACTGGGCAATGGAGCGCCTGCCGGCCCAGTATCAGCCCGTCATACTTGAAGCTAGGCAGGCTTATCTTGGACAAGAAGATCGCTTGGCCTCGCGCGCAGATCAGTTGGAAGAATTTGTTCACTACGTGAAAGGCGAGATCACCAAGGTAGTCGGCAAATAA+ GTGACCATCGAAATTTCGAACCAACTATCAGAGGTGCTAAGCGTCATTGAGCGCCATCTGGAATCAACGTTGCTGGCCGTGCATTTGTACGGCTCCGCAGTGGATGGCGGCCTGAAGCCATACAGCGATATTGATTTGTTGGTTACTGTGGCCGTAAAGCTTGATGAAACGACGCGGCGAGCATTGCTCAATGACCTTATGGAGGCTTCGGCTTTCCCTGGCGAGAGCGAGACGCTCCGCGCTATAGAAGTCACCCTTGTCGTGCATGACGACATCATCCCGTGGCGTTATCCGGCTAAGCGCGAGCTGCAATTTGGAGAATGGCAGCGCAATGACATTCTTGCGGGTATCTTCGAGCCAGCCATGATCGACATTGATCTAGCTATCCTGCTTACAAAAGCAAGAGAACATAGCGTTGCCTTGGTAGGTCCGGCAGCGGAGGAATTCTTTGACCCGGTTCCTGAACAGGATCTATTCGAGGCGCTGAGGGAAACCTTGAAGCTATGGAACTCGCAGCCCGACTGGGCCGGCGATGAGCGAAATGTAGTGCTTACGTTGTCCCGCATTTGGTACAGCGCAATAACCGGCAAAATCGCGCCGAAGGATGTCGCTGCCGACTGGGCAATAAAACGCCTACCTGCCCAGTATCAGCCCGTCTTACTTGAAGCTAAGCAAGCTTATCTGGGACAAAAAGAAGATCACTTGGCCTCACGCGCAGATCACTTGGAAGAATTTATTCGCTTTGTGAAAGGCGAGATCATCAAGTCAGTTGGTAAAT	GTGATCGCCGAAGTATCGACTCAACTATCAGAGGTAGTTGGCGTCATCGAGCGCCATCTCGAACCGACGTTGCTGGCCGTACATTTGTACGGCTCCGCAGTGGATGGCGGCCTGAAGCCACACAGTGATATTGATTTGCTGGTTACGGTGACCGTAAGGCTTGATGAAACAACGCGGCGAGCTTTGATCAACGACCTTTTGGAAACTTCGGCTTCCCCTGGAGAGAGCGAGATTCTCCGCGCTGTAGAAGTCACCATTGTTGTGCACGACGACATCATTCCGTGGCGTTATCCAGCTAAGCGCGAACTGCAATTTGGAGAATGGCAGCGCAATGACATTCTTGCAGGTATCTTCGAGCCAGCCACGATCGACATTGATCTGGCTATCTTGCTGACAAAAGCAAGAGAACATAGCGTTGCCTTGGTAGGTCCAGCGGCGGAGGAACTCTTTGATCCGGTTCCTGAACAGGATCTATTTGAGGCGCTAAATGAAACCTTAACGCTATGGAACTCGCCGCCCGACTGGGCTGGCGATGAGCGAAATGTAGTGCTTACGTTGTCCCGCATTTGGTACAGCGCAGTAACCGGCAAAATCGCGCCGAAGGATGTCGCTGCCGACTGGGCAATGGAGCGCCTGCCGGCCCAGTATCAGCCCGTCATACTTGAAGCTAGGCAGGCTTATCTTGGACAAGAAGATCGCTTGGCCTCGCGCGCAGATCAGTTGGAAGAATTTGTTCACTACGTGAAAGGCGAGATCACCAAGGTAGTCGGCAAATAA	27	GTGACCATCGAAATTTCGAACCAACTATCAGAGGTGCTAAGCGTCATTGAGCGCCATCTCGAACCGACGTTGCTGGCCGTACATTTGTACGGCTCCGCAGTGGATGGCGGCCTGAAGCCACACAGTGATATTGATTTGCTGGTTACGGTGACCGTAAGGCTTGATGAAACAACGCGGCGAGCTTTGATCAACGACCTTTTGGAAACTTCGGCTTCCCCTGGAGAGAGCGAGATTCTCCGCGCTGTAGAAGTCACCATTGTTGTGCACGACGACATCATTCCGTGGCGTTATCCAGCTAAGCGCGAACTGCAATTTGGAGAATGGCAGCGCAATGACATTCTTGCAGGTATCTTCGAGCCAGCCACGATCGACATTGATCTGGCTATCTTGCTGACAAAAGCAAGAGAACATAGCGTTGCCTTGGTAGGTCCAGCGGCGGAGGAACTCTTTGATCCGGTTCCTGAACAGGATCTATTTGAGGCGCTAAATGAAACCTTAACGCTATGGAACTCGCCGCCCGACTGGGCTGGCGATGAGCGAAATGTAGTGCTTACGTTGTCCCGCATTTGGTACAGCGCAGTAACCGGCAAAATCGCGCCGAAGGATGTCGCTGCCGACTGGGCAATGGAGCGCCTGCCGGCCCAGTATCAGCCCGTCATACTTGAAGCTAGACAGGCTTATCTTGGACAAGAAGAAGATCGCTTGGCCTCCCGCGCAGATCAGTTGGAAGAATTTGTTCACTACGTGAAAGGCGAGATCACCAAGGTAGTCGGCAAATAA
11	gb|FN649414.1|+|2765050-2766355|ARO:3004611|Escherichia_coli_ampC1_beta-lactamase	ATGAAACGGACAATGCTCTATCTTTCTCTGCTGGCTGTCAGCTGTAGCGTCAGCGCCGCAAAATACCCTGTTCTGACAGAAAGTTCGCCAGAGAAGGCAGGGTTTAACGTCGAACGGCTTAATCAGATGGATCGCTGGATAAGCCAGCAAGTTGATGCCGGTTATCCCGGCGTAAACCTGCTGATTATAAAAGATAATCAGATTGTTTATCGCAAAGCCTGGGGCGCGGCGAAAAAGTACGATGGCAGCGCGTTAATGGCGCAGCCTGTAAAAGCCACCACCGGGACGCTGTATGATCTGGCCTCAAACACCAAGATGTACGCCACTAACTTCGCGCTGCAAAAGCTGATGAGCGAAGGCAAACTGCATCCTGACGATCGGATTGCGAAATATATTCCAGGGTTTGCCGACAGCCCGAACGATGCGATCAAAGGCAAAAACACGCTGCGGATTTCTGATCTGCTGCATCACAGCGGCGGTTTCCCGGCAGATCCGCAATACCCGAATAAAGCGGTCGCGGGCGCGTTATATTCCCAGGATAAAGGCCAGACGCTGGAGATGATCAAGCGCACGCCGCTGGAGTATCAGCCCGGCAGCAAGCATATCTACAGCGATGTCGATTATATGCTGCTTGGATTTATCGTCGAGTCGGTCACCGGTCAGCCGCTTGACCACTATGTTGAAGAGTCGATTTATCGCCCGCTCGGCCTGACGCATACGGTGTTTAATCCGCTGTTGAAAGGCTTTAAACCACAGCAAATTGCCGCCACGGAACTGAACGGCAATACCCGCGATGGCGTGATTCACTTCCCGAATATCCGCACCTCCACTCTCTGGGGTCAGGTGCACGATGAAAAAGCCTTTTATTCGATGGGCGGTGTTTCCGGGCACGCAGGTTTGTTTTCCAATACCGGCGATATTGCGGTGTTAATGCAAACGATGCTGAACGGCGGTGGCTATGGTGATGTGCAGCTGTTCAATGCAGAAACGGTGAAGATGTTCACCACCAGCTCTAAGGAAGATGCCACTTTTGGCCTTGGCTGGCGCGTGAATGGTAATGCCACCATGACGCCGACGTTTGGCACGCTGGCAAGCCCGCAAACCTACGGTCACACAGGTTGGACCGGGACGGTGACCGTTATCGATCCGGTGAATCATATGGCGATTGTGATGTTAAGCAACAAGCCACATTCGCCAGTTGCCGATCCACAAAAAAATCCCAATATGTTCGAAAGCGGTCAGCTACCGATTGCAACTTATGGTTGGGTAGTTGATCAGGTGTATGCGGCGTTAAAGCAG	0	29	ATGAAACGGACAATGCTCTATCTTTCTCTGCTGGCTGTTAGTTGTAGCGTCAGCGCCGCAAAATACCCTGTTCTGACAGAAAGCTCGCCAGAGAAAGCAGGGTTTAACGTCGAACGGCTTAACCAGATGGATCGCTGGATTAGCCAGCAAGTTGATGTCGGTTATCCCAGCGTAAACCTGCTGATCATTAAAGATAATCAGATTGTGTATCGCAAAGCCTGGGGAGCGGCGAAAAAGTACGATGGCAGCGTGTTGATGGAACAGCCTGTCAAAGCCACCACCGGGACGCTGTATGACCTGGCCTCAAACACCAAAATGTACGCCACGAACTTCGCCCTGCAAAAGCTGATGAGCGAAGGCAAACTGCATCCTGACGATCGGATTGCGAAATATATTCCGGGGTTTGCCGATAGTCCAAATGACACCATTAAAGGCAAAAACACCCTGCGGATTTCTGACCTGCTGCATCACAGCGGCGGTTTCCCGGCAGATCCGCAATACCCGAATAAAGCGGTCGCGGGCGCGTTATATTCCCAGGATAAAGGCCAGACGCTGGAGATGATCAAGCGCACGCCGCTGGAATATCAGCCCGGCAGCAAACATATCTACAGCGATGTCGATTATATGCTGCTTGGATTTATCGTCGAGTCGGTTACCGGTCAGCCGCTTGACCGCTATGTTGAAGAGTCGATTTATCGCCCGCTCGGCCTGACACATACGGTATTTAACCCGCTGCTGAAAGGCTTTAAACCGCAACAAATTGCCGCCACGGAATTGAACGGCAATACCCGCGATGGCGTGATCCATTTCCCGAATATCCGCACCTCCACTCTCTGGGGTCAGGTGCACGATGAAAAAGCCTTTTATTCGATGGGCGGCGTTTCCGGGCACGCAGGTTTGTTTTCCAATACCGGCGATATTGCGGTGTTAATGCAAACGATGCTGAACGGCGGGGGCTATGGTGATGTGCAGCTGTTCAATGCGGAAACGGTGAAGATGTTCACCACCAGCTCTAAGGAAGATGCCACTTTTGGCCTCGGCTGGCGCGTGAATGGTAATGCCACCATGACGCCGACGTTTGGCACGCTGGCAAGCCCGCAAACCTACGGTCACACTGGCTGGACCGGAACGGTGACCGTTATCGATCCGGTGAATCATATGACGATTGTGATGTTAAGCAACAAGCCACATTCGCCGGTTGCCGATCCGCAAAAGAATCCCAATATGTTCGAAAGCGGTCAGTTGCCGATTGCAACTTATGGTTGGGTAGTTGATCAGGTGTATGCGGCGTTAAAGCAGAAGTAA
12	gb|U00096.3|-|3203309-3204131|ARO:3002986|bacA	ATGAGCGATATGCACTCGCTGCTGATAGCGGCAATATTGGGTGTGGTCGAAGGATTGACAGAATTTCTGCCGGTATCCAGCACGGGCCATATGATTATTGTCGGTCACTTGTTGGGGTTTGAGGGCGACACGGCGAAAACCTTTGAAGTCGTGATCCAGTTAGGATCAATTCTGGCAGTGGTTGTCATGTTCTGGCGACGTCTGTTTGGCCTTATTGGTATTCACTTTGGTCGCCCGTTGCAGCACGAAGGAGAAAGCAAAGGCCGTTTAACGCTGATCCACATTTTGCTGGGGATGATTCCGGCGGTGGTACTGGGGCTGTTGTTCCACGACACGATTAAATCATTGTTTAACCCGATAAATGTGATGTATGCACTGGTCGTTGGCGGTCTGTTGCTGATTGCCGCTGAATGCCTGAAGCCGAAAGAGCCGCGTGCGCCGGGTCTTGATGATATGACCTATCGTCAGGCGTTTATGATTGGCTGTTTCCAGTGTCTGGCGCTGTGGCCGGGTTTCTCTCGCTCCGGGGCGACCATTTCAGGTGGGATGCTGATGGGCGTGAGCCGTTACGCTGCTTCCGAGTTCTCGTTCCTGCTGGCGGTGCCGATGATGATGGGCGCAACGGCGCTCGATCTCTACAAAAGCTGGGGCTTCCTGACTACCGGCGATATCCCGATGTTTGCCGTTGGGTTTATCACCGCTTTTGTGGTGGCGCTGATAGCGATTAAAACCTTCCTGCAATTGATTAAGCGCATTTCGTTTATCCCTTTCGCCATTTATCGCTTTATTGTGGCGGCTGCGGTGTATGTCGTGTTCTTTT	0	45	ATGAGCGATATGCACTCGCTGCTGATAGCGGCAATATTGGGTGTGGTCGAAGGATTGACAGAATTTCTGCCGGTATCCAGCACGGGCCATATGATTATTGTCGGTCACTTGTTGGGGTTTGAGGGCGACACGGCGAAAACCTTTGAAGTTGTGATCCAGTTAGGATCAATTCTGGCGGTAGTAGTGATGTTCTGGCGGCGTCTGTTTGGCCTGATTGGCATCCACTTTGGCCGCCCGTTGCAGCACGAAGGTGAAAGCAAAGGTCGTTTAACGCTGATCCACATTTTGCTGGGGATGATTCCGGCGGTGGTATTGGGGCTGTTGTTCCACGACACGATTAAGTCATTGTTTAACCCGATAAATGTGATGTATGCGCTGGTCGTTGGCGGTTTGTTGCTGATTGCCGCCGAATGCCTGAAGCCGAAAGAGCCGCGTGCGCCGGGTCTTGATGATATGACCTATCGTCAGGCATTTATGATTGGCTGTTTCCAGTGTCTGGCGCTGTGGCCGGGTTTCTCCCGTTCCGGGGCGACCATTTCAGGTGGGATGCTGATGGGGGTGAGCCGTTACGCTGCTTCCGAGTTTTCGTTCCTGCTGGCGGTGCCGATGATGATGGGCGCAACGGCGCTCGATCTCTACAAAAGCTGGGGCTTCCTGACAAGCGGCGATATCCCGATGTTTGCCGTTGGGTTTATCACCGCTTTTGTGGTGGCGCTGATAGCGATTAAAACCTTCCTGCAATTGATTAAGCGCATTTCGTTTATCCCGTTCGCCATTTATCGCTTTATTGTGGCGGCTGCGGTGTATGTCGTGTTCTTTTAA
13	gb|U00096.3|-|4377810-4378944|ARO:3004290|Escherichia_coli_ampC	ATGTTCAAAACGACGCTCTGCACCTTATTAATTACCGCCTCTTGCTCCACATTTGCCGCCCCTCAACAAATCAACGATATTGTGCATCGCACAATTACCCCGCTTATAGAGCAACAAAAGATCCCCGGTATGGCGGTGGCGGTAATTTATCAGGGTAAACCTTATTACTTTACCTGGGGCTATGCGGACATCGCCAAAAAGCAGCCCGTCACACAGCAAACGTTGTTTGAGTTAGGTTCGGTCAGCAAAACATTTACGGGCGTGCTTGGTGGCGACGCTATTGCTCGAGGGGAAATCAAGTTAAGCGATCCCACAACAAAATACTGGCCTGAACTTACCGCTAAACAGTGGAATGGGATCACACTATTACATCTCGCAACCTACACCGCTGGCGGCCTGCCATTGCAGGTGCCGGATGAGGTGAAATCCTCAAGCGACTTGCTGCGCTTCTATCAAAACTGGCAGCCTGCATGGGCTCCAGGAACACAACGTCTGTATGCCAACTCCAGTATCGGTTTGTTCGGCGCACTGGCTGTGAAGCCGTCTGGTTTGAGTTTTGAGCAGGCGATGAAAACTCGTGTCTTCCAGCCACTCAAACTCAATCATACGTGGATTAATGTACCGTCCGCAGAAGAAAAGAACTACGCCTGGGGATATCGCGAAGGTAAGGCAGTACATGTTTCGCCAGGGGCGTTAGATGCTGAAGCTTATGGTGTGAAGTCGACCATTGAAGATATGGCCCGCTGGGTGCAAAGCAATTTAAAACCCTTTGATATCAATGAGAAAACACTTCAACAAGGGATACAACTGGCACAATCTCGCTACTGGCAAACCGGCGATATGTATCAGGGTCTGGGCTGGGAAATGCTGGACTGGCCGGTAAATCCTGACATCATCATTAACGGCAGTGACAATAAAATTGCACTGGCAGCACGCCCCGTAAAACCGATTACGCCCCCAACTCCTGCAGTACGTGCATCATGGGTACATAAAACGGGGGCGACCGGCGGATTTGGTAGCTATGTCGCGTTTATTCCAGAAAAAGAGCTGGGTATCGTGATGCTGGCTAACAAAAACTATCCCAATCCAGCGAGAGTTACCGCCGCCTGGCAGATTCTCAACACTCTACAGTAA	0	46	ATGTTCAAAACGACGCTCTGCGCCTTATTAATTACCGCCTCTTGCTCCACATTTGCTGCCCCTCAACAAATCAACGATATTGTGCATCGCACAATTACCCCGCTTATAGAGCAACAAAAGATCCCGGGTATGGCGGTGGCGGTAATTTATCAGGGTAAACCTTATTACTTTACCTGGGGCTATGCGGACATCGCCAAAAAGCAGCCCGTCACACAGCAAACGTTGTTTGAGTTAGGTTCGGTCAGCAAAACATTTACTGGCGTGCTTGGTGGCGACGCTATTGCTCGAGGGGAAATCAAGTTAAGCGATCCCACAACAAAATACTGGCCTGAACTTACCGCTAAACAGTGGAATGGGATCACACTATTACATCTCGCAACCTACACTGCTGGCGGCCTGCCATTGCAGGTGCCGGATGAGGTGAAATCCTCAAGCGACTTGCTGCGCTTCTATCAAAACTGGCAGCCTGCATGGGCTCCAGGAACACAACGTCTGTATGCCAACTCCAGTATCGGTTTGTTCGGCGCACTGGCTGTGAAGCCGTCTGGTTTGAGTTTTGAGCAGGCGATGCAAACTCGTGTCTTCCAGCCACTCAAACTCAACCATACGTGGATTAATGTACCGCCCGCAGAAGAAAAGAATTACGCCTGGGGATATCGCGAAGGTAAGGCAGTGCATGTTTCGCCTGGGGCGTTAGATGCTGAAGCTTATGGTGTGAAGTCGACCATTGAAGATATGGCCCGCTGGGTGCAAAGCAATTTAAAACCCCTTGATATCAATGAGAAAACGCTTCAACAAGGGATACAACTGGCACAATCTCGCTACTGGCAAACCGGCGATATGTATCAGGGCCTGGGCTGGGAAATGCTGGACTGGCCGGTAAATCCTGACAGCATCATTAACGGCAGTGACAATAAAATTGCACTGGCAGCACGCCCCGTAAAAGCGATTACGCCCCCAACTCCTGCAGTACGCGCATCATGGGTACATAAAACAGGGGCGACCGGCGGATTTGGTAGCTATGTCGCGTTTATTCCAGAAAAAGAGCTGGGTATCGTGATGCTGGCAAACAAAAACTATCCCAATCCAGCGAGAGTCGACGCCGCCTGGCAGATTCTTAACGCTCTACAGTAA
14	gb|U00096.3|-|721055-721733|ARO:3003841|kdpE	GTGACAAACGTTCTGATTGTTGAAGATGAACAGGCTATTCGTCGCTTTCTGCGCACGGCGCTGGAGGGCGACGGGATGCGCGTCTTTGAGGCCGAAACGCTGCAACGCGGCTTGCTGGAAGCGGCAACCCGTAAGCCAGATTTGATTATTCTCGATCTCGGCCTGCCCGATGGTGATGGGATTGAGTTTATCCGCGACCTGCGCCAGTGGAGCGCGGTGCCGGTGATTGTGCTTTCCGCACGCAGCGAAGAGAGCGACAAAATCGCCGCACTGGATGCCGGAGCGGATGATTACCTGAGTAAGCCGTTTGGCATTGGCGAATTGCAGGCCCGTCTGCGCGTCGCTTTACGCCGCCACTCCGCCACCACCGCGCCCGATCCGCTGGTGAAATTTTCCGATGTGACCGTCGATTTAGCCGCCCGCGTGATTCACCGGGGTGAGGAAGAGGTGCATCTCACGCCGATTGAATTCCGCCTGCTGGCCGTGCTGCTCAACAACGCCGGAAAAGTGCTCACCCAGCGCCAGTTACTCAATCAGGTGTGGGGACCAAACGCGGTCGAACACAGTCATTATTTGCGTATTTATATGGGGCATCTGCGACAAAAACTGGAGCAAGATCCCGCCCGCCCCCGCCATTTCATTACTGAAACCGGTATTGGGTATCGGTTTATGCTTTGA	0	47	GTGACAAACGTTCTGATTGTTGAAGATGAACAGGCTATTCGTCGCTTTCTGCGCACGGCGCTGGAGGGCGACGGGATGCGCGTCTTTGAGGCCGAAACGCTGCAACGCGGCTTGCTGGAAGCGGCAACCCGTAAGCCAGATTTGATTATTCTCGATCTCGGCCTGCCCGATGGTGATGGGATTGAGTTTATCCGCGACCTGCGCCAGTGGAGCGCGGTGCCGGTGATTGTGCTTTCCGCACGCAGCGAAGAGAGCGACAAAATCGCCGCGCTGGATGCCGGAGCGGATGATTATCTGAGTAAGCCGTTTGGCATTGGCGAATTGCAGGCCCGTCTGCGCGTCGCATTACGCCGCCACTCTGCCACCACCGCGCCCGATCCGCTGGTAAAATTTTCCGATGTTACCGTCGATTTAGCCGCCCGCGTGATTCACCGGGGTGAGGAAGAGGTGCATCTCACACCAATTGAGTTCCGCCTGCTGGCGGTGCTGCTCAACAATGCCGGAAAAGTACTCACCCAGCGCCAGCTCCTTAACCAGGTGTGGGGGCCAAACGCGGTCGAACACAGTCACTATTTGCGTATTTATATGGGACATCTGCGACAAAAACTGGAACAGGATCCCGCCCGCCCACGCCATTTCATTACTGAAACCGGTATTGGCTATCGGTTTATGCTTTGA
15	gb|U00096|+|2367070-2368039|ARO:3003578|pmrF	ATGTTTGAAATCCACCCTGTTAAGAAAGTCTCGGTGGTTATTCCCGTTTATAACGAGCAGGAAAGCTTACCGGAATTAATCAGGCGCACCACAAAAGCCTGTGAATCACTGGGGAAAGAGTATGAGATCCTGCTGATTGATGACGGCAGTAGCGATAATTCCGCGCATATGCTGGTCGAAGCCTCACAAGCGGAGGGCAGCCATATTGTGTCTATTTTGCTTAACCGCAATTACGGGCAACATTCAGCGATTATGGCGGGATTCAGTCACGTCACCGGCGACTTAATTATTACCCTCGATGCCGATCTCCAGAATCCGCCAGAGGAAATCCCCCGTCTGGTGGCAAAAGCCGATGAAGGTTACGACGTGGTAGGGACTGTACGCCAGAACCGCCAGGACAGCTGGTTTCGTAAAACCGCTTCGAAGATGATTAACCGGCTTATTCAGCGCACCACTGGCAAAGCGATGGGTGACTATGGTTGTATGCTGCGCGCCTATCGCCGTCATATTGTCGATGCGATGTTGCACTGCCATGAACGCAGCACCTTTATCCCGATTCTGGCGAATATCTTCGCCCGCCGTGCCATTGAAATTCCAGTGCATCATGCCGAGCGTGAGTTTGGTGAATCCAAATACAGCTTTATGCGCCTGATTAATTTGATGTACGACCTGGTGACCTGCCTTACCACTACGCCGCTACGTATGCTGAGTCTGCTCGGCAGCATTATTGCGATTGGCGGTTTTAGCATTGCGGTGCTGTTGGTGATTTTACGCCTGACCTTCGGACCCCAATGGGCGGCAGAAGGCGTCTTTATGCTATTTGCCGTGCTGTTTACTTTTATTGGCGCTCAGTTTATCGGCATGGGATTGCTCGGTGAATATATCGGCAGGATCTACACCGATGTCCGCGCCCGCCCCCGCTATTTTGTTCAGCAAGTTATCCGTCCATCCAGCAAGGAAAATGAATAA	ATGTTTGAAATCCACCCTGTTAAGAAAGTCTCGGTGGTTATTCCCGTTTATAACGAGCAGGAAAGCTTACCGGAATTAATCAGGCGCACCACAAAAGCCTGTGAATCACTGGGGAAAGAGTATGAGATCCTGCTGATTGATGACGGCAGTAGCGATAATTCCGCGCATATGCTGGTCGAAGCCTCACAAGCGGAGGGCAGCCATATTGTGTCTATTTTGCTTAACCGCAATTACGGGCAACATTCAGCGATTATGGCGGGATTCAGTCACGTCACCGGCGACTTAATTATTACCCTCGATGCCGATCTCCAGAATCCGCCAGAGGAAATCCCCCGTCTGGTGGCAAAAGCCGATGAAGGTTACGACGTGGTAGGGACTGTACGCCAGAACCGCCAGGACAGCTGGTTTCGTAAAACCGCTTCGAAGATGATTAACCGGCTTATTCAGCGCACCACTGGCAAAGCGATGGGTGACTATGGTTGTATGCTGCGCGCCTATCGCCGTCATATTGTCGATGCGATGTTGCACTGCCATGAACGCAGCACCTTTATCCCGATTCTGGCGAATATCTTCGCCCGCCGTGCCATTGAAATTCCAGTGCATCATGCCGAGCGTGAGTTTGGTGAATCCAAATACAGCTTTATGCGCCTGATTAATTTGATGTACGACCTGGTGACCTGCCTTACCACTACGCCGCTACGTATGCTGAGTCTGCTCGGCAGCATTATTGCGATTGGCGGTTTTAGCATTGCGGTGCTGTTGGTGATTTTACGCCTGACCTTCGGACCCCAATGGGCGGCAGAAGGCGTCTTTATGCTATTTGCCGTGCTGTTTACTTTTATTGGCGCTCAGTTTATCGGCATGGGATTGCTCGGTGAATATATCGGCAGGATCTACACCGATGTCCGCGCCCGCCCCCGCTATTTTGTTCAGCAAGTTATCCGTCCATCCAGCAAGGAAAATGAATAA	48	ATGTTTGAAATCCACCCTGTTAAGAAAGTCTCGGTGGTTATTCCCGTTTATAACGAGCAGGAAAGCTTACCGGAATTAATCAGGCGCACCACCACAGCCTGTGAATCGTTGGGGAAAGAGTATGAGATCCTGCTGATTGATGACGGCAGTAGCGATAATTCCGCGCATATGCTGGTCGAAGCCTCACAAGCGGAGAACAGCCATATTGTGTCTATTTTGCTTAACCGCAATTACGGGCAACATTCAGCGATTATGGCGGGATTCAGTCACGTTACTGGCGACTTAATTATTACCCTTGATGCCGATCTCCAGAATCCGCCAGAAGAAATCCCCCGCCTGGTGGCAAAAGCCGATGAAGGTTACGACGTGGTAGGGACTGTACGCCAGAACCGCCAGGACAGCTGGTTTCGTAAAACCGCTTCGAAGATGATTAACCGGCTTATTCAGCGCACCACTGGCAAAGCGATGGGTGATTACGGTTGTATGCTGCGCGCCTATCGCCGTCATATTGTCGATGCGATGTTGCACTGCCATGAACGCAGCACCTTTATCCCGATTCTGGCGAATATCTTCGCCCGCCGTGCCATTGAAATTCCAGTACATCATGCCGAGCGTGAGTTTGGTGAATCCAAATACAGTTTTATGCGCCTGATTAATTTGATGTACGACCTGGTGACCTGCCTTACCACAACGCCGCTACGTATGCTGAGTCTGCTCGGCAGCATTATTGCGATTGGAGGTTTTAGCATTGCGGTGCTGCTGGTGATTTTACGCCTGACCTTCGGACCACAATGGGCGGCAGAAGGCGTCTTTATGCTATTTGCCGTGCTGTTTACTTTTATTGGCGCTCAGTTTATCGGCATGGGATTACTCGGTGAATATATCGGCAGGATCTACACCGATGTCCGCGCCCGCCCCCGCTATTTTGTTCAGCAAGTTATCCGTCCATCCAGCAAGGAAAATGAATAA
16	gb|U00096|-|2098446-2099613|ARO:3003577|ugd	ATGAAAATCACCATTTCCGGTACTGGCTATGTCGGCTTGTCAAACGGGCTTCTAATCGCACAAAATCATGAGGTTGTGGCATTAGATATTTTACCGTCACGCGTTGCTATGCTGAATGATCGGATATCTCCTATTGTTGATAAGGAAATTCAGCAGTTTTTGCAATCAGATAAAATACACTTTAATGCCACATTAGATAAAAATGAAGCCTACCGGGATGCTGATTATGTCATCATCGCCACTCCAACCGACTATGATCCTAAAACTAATTATTTCAATACATCCAGTGTAGAATCAGTAATTAAAGACGTAGTTGAGATAAATCCTTATGCGGTTATGGTGATCAAATCAACGGTTCCCGTTGGTTTTACCGCAGCGATGCATAAGAAATATCGCACTGAAAATATTATATTCTCCCCGGAATTTCTCCGTGAGGGTAAAGCCCTTTACGATAATCTCCATCCTTCACGTATTGTCATCGGTGAGCGTTCAGAACGCGCAGAACGTTTTGCTGCTCTGTTACAGGAAGGAGCGATTAAGCAAAATATCCCGACCCTGTTTACCGACTCCACTGAAGCAGAAGCGATTAAACTTTTTGCAAACACCTACCTGGCGATGCGCGTGGCGTACTTTAACGAACTGGATAGCTATGCAGAAAGTTTAGGTCTGAATACTCGCCAGATTATCGAAGGCGTTTGTCTCGATCCGCGTATTGGCAACCATTACAACAACCCGTCGTTTGGCTATGGTGGTTATTGTCTGCCGAAAGATACCAAGCAGTTACTGGCGAACTACCAGTCTGTGCCGAATAACCTGATCTCGGCAATTGTCGATGCTAACCGCACACGTAAAGACTTTATTGCCGATGCCATTTTGTCACGCAAACCGCAAGTGGTGGGTATTTATCGTCTGATTATGAAGAGCGGGTCAGATAACTTCCGTGCGTCTTCCATTCAGGGGATTATGAAACGTATCAAGGCGAAAGGCGTTGAAGTGATCATCTACGAACCGGTGATGAAAGAAGATTCATTCTTCAACTCTCGCCTGGAACGTGATCTCGCCACTTTCAAACAACAAGCCGATGTCATTATTTCCAACCGTATGGCAGAAGAGCTTAAAGATGTGGCAGATAAGGTCTACACCCGCGATCTCTTTGGCAGCGACTAA	0	49	ATGAAAATCACCATTTCCGGTACTGGCTATGTAGGCTTGTCAAACGGGCTTCTAATCGCACAAAATCATGAGGTTGTGGCATTAGATATTTTACCGTCACGCGTTGCTATGCTGAATGATCGGATATCTCCTATTGTTGATAAGGAAATTCAGCAGTTTTTGCAATCAGATAAAATACACTTTAATGCCACATTAGATAAAAATGAAGCCTACCGGGATGCTGATTATGTCATCATCGCCACTCCAACCGACTATGATCCTAAAACTAATTATTTCAATACATCCAGTGTAGAATCAGTAATTAAAGACGTAGTTGAGATAAATCCTTATGCGGTTATGGTCATCAAATCAACGGTTCCCGTTGGTTTTACCGCAGCGATGCATAAGAAATATCGCACTGAAAATATTATATTCTCCCCGGAATTTCTCCGTGAGGGTAAAGCCCTTTACGATAATCTCCATCCTTCACGTATTGTCATCGGTGAGCGTTCAGAACGCGCAGAACGTTTCGCTGCTCTGTTACAGGAAGGCGCGATTAAGCAAAATATCCCGATGCTGTTTACCGACTCCACTGAAGCAGAAGCGATTAAACTTTTTGCAAACACCTACCTGGCGATGCGCGTGGCGTACTTTAACGAACTGGATAGCTATGCAGAAAGTTTAGGTCTGAATTCCCGTCAAATAATCGAAGGCGTTTGTCTCGACCCACGTATTGGCAACCATTACAACAATCCGTCGTTTGGTTATGGTGGTTATTGTCTGCCGAAAGATACCAAGCAGTTACTGGCGAACTACCAGTCTGTGCCGAATAACCTGATCTCGGCAATTGTCGATGCTAACCGCACGCGTAAAGATTTTATTGCCGATGCCATTTTGTCACGCAAGCCGCAAGTGGTGGGTATTTATCGTCTGATTATGAAGAGCGGTTCAGATAACTTCCGTGCGTCTTCTATTCAGGGGATTATGAAACGTATCAAGGCGAAAGGTGTTGAAGTGATCATCTACGAGCCAGTGATGAAAGAAGACTCATTCTTCAACTCTCGCCTGGAACGTGATCTCGCCACCTTCAAACAACAAGCCGACGTCATTATCTCTAACCGAATGGCAGAAGAGCTTAAGGATGTGGCAGATAAGGTATACACCCGCGATCTCTTTGGCAGCGACTAA
