	Query	Sequence
0	gb|AB765395|+|0-1143|ARO:3002993|AQU-1	ATGAAGCAAACCTCACCCTTGTCGTCGCTGGCGCTGAGCGCCCTGCTGCTGTCGCCCCTCACCCAGGCCGCTCCCGCCGATCCGCTGGTCGGGGTAGTGGATGAGGTCATTCGTCCGCTGGTGAAAGAGCACAGGATCCCGGGCATGGCGGTAGCCGTGTTCAAAGAGGGGCAACCCCACTACTTCAACTACGGGGTTGCCGAGCTGGCGACGGGGAAGAAGGTCAGCGAGCAGACCCTGTTCGAGATTGGCTCGGTCAGCAAAACCTATACCGCCACCCTGGGGGCCTACGCCGTGGTCAAGGGGAGCATTGGGCTGGATGACAAGGTGAGCCGGCACGCTCCCTGGCTCAAGGGCTCCGCCTTTGATGGCATCACCATGGCCGAGCTTGCCACTTACAGTGCCGGGGGTCTGCCGCTGCAATTCCCCGACGAGGTGGAATCGCTCGAGCAGATGCAGGCTTACTATCGCCAGTGGACGCCGGCCTATCAACCAGGCAGCCATCGCCAGTACTCCAACCCCAGTATCGGCCTGTTCGGCTATCTGGCGGCGAGCAGTCTGCAGCAGCCGTTTGCCCAGTTGATGGAGCAGACCCTGCTGCCCGGGCTCGGCCTGCATCACACCTATATCAATGTGCCGAAGCAGGCGATGGCGAACTACGCCTATGGCTATTCGAAAGAGGACAAGCCCATCAGGGTCACGCCAGGGGTGCTGGCGGACGAGGCCTACGGCATCAAGACCAGCTCGGCGGATCTGCTCGCCTTCGTGAAGGCCAACATCAACGGGGTGGATGACAAGGGATTGCAGCAGGCCATCGCTTTGACCCACCAGGGGCGCTACTCGGTAGGCGAGATGACCCAGGGGCTGGGCTGGGAGAGTTACCCCTATCCGGTCAGCGAGCAGACGCTGCTGGCGGGCAACTCGGTCCAGGTGATCATGAAGGCCAATCCGACGACGGCCGCGCCGAAGGAGATGGGGAGCCAGCGGCTCTTCAACAAGACCGGCTCGACCAACGGCTTTGGCGCCTATGTGGCCTTCGTGCCGGCCAAGGGAGTGGGCATCGTCATGCTGGCCAACCGCAACTACCCCATCCAGGAGAGGGTAAAGGCGGCCCACTCCATCCTGAGCAAGCTGGCTCCCTGA
1	gb|AE006468.2|+|1707351-1707789|ARO:3002571|AAC(6')-Iaa	ATGGACATCAGGCAAATGAACAGAACCCATCTGGATCACTGGCGCGGATTGCGAAAACAGCTCTGGCCTGGTCACCCGGATGACGCCCATCTGGCGGACGGCGAAGAAATTCTGCAAGCCGATCATCTGGCATCATTTATTGCGATGGCAGACGGGGTGGCGATTGGCTTTGCGGATGCCTCAATCCGCCACGATTATGTCAATGGCTGTGACAGTTCGCCCGTGGTTTTCCTTGAAGGTATTTTTGTTCTCCCCTCATTCCGTCAACGCGGCGTAGCGAAACAATTGATTGCAGCGGTGCAACGATGGGGAACGAATAAAGGGTGTCGGGAAATGGCCTCCGATACCTCGCCGGAAAATACAATTTCCCAGAAAGTTCATCAGGCGTTAGGATTTGAGGAAACAGAGCGCGTCATTTTCTACCGAAAGCGTTGTTGA
2	gb|AE016877.1|+|1972251-1972668|ARO:3000172|FosB	TTGTTAAGGGGAATCAATCATATTTGTTTTTCGGTATCTAATTTAGAAAACTCTATTATGTTTTATGAAAAAGTATTAGAAGGAGAATTATTAGTTAAAGGAAGAAAATTGGCTTATTTTAACATATGTGGAGTATGGATAGCGCTTAATGAAGAGACGCATATTCCGAGAAATGAGGTTCATCAATCTTATACGCACATTGCATTTTCTGTTGAACAAGAAGACTTTAAATGTCTAATACAGCGATTAGAAGAAAATGATGTTCATATTTTACAAGGAAGAGAACGTGATGTAAGAGATTGCGAATCTATATACTTTGTTGATCCTGACGGTCATAAATTTGAGTTTCACTCAGGGACACTGCAAGACCGTTTAAATTATTATAGAGATGAGAAACCTCATATGACATTTTATTAG
3	gb|AF024602|+|3155-3992|ARO:3002660|APH(6)-Id	ATGTTCATGCCGCCTGTTTTTCCTGCTCATTGGCACGTTTCGCAACCTGTTCTCATTGCGGACACCTTTTCCAGCCTCGTTTGGAAAGTTTCATTGCCAGACGGGACTCCTGCAATCGTCAAGGGATTGAAACCTATAGAAGACATTGCTGATGAACTGCGCGGGGCCGACTATCTGGTATGGCGCAATGGGAGGGGAGCAGTCCGGTTGCTCGGTCGTGAGAACAATCTGATGTTGCTCGAATATGCCGGGGAGCGAATGCTCTCTCACATCGTTGCCGAGCACGGCGACTACCAGGCGACCGAAATTGCAGCGGAACTAATGGCGAAGCTGTATGCCGCATCTGAGGAACCCCTGCCTTCTGCCCTTCTCCCGATCCGGGATCGCTTTGCAGCTTTGTTTCAGCGGGCGCGCGATGATCAAAACGCAGGTTGTCAAACTGACTACGTCCACGCGGCGATTATAGCCGATCAAATGATGAGCAATGCCTCGGAACTGCGTGGGCTACATGGCGATCTGCATCATGAAAACATCATGTTCTCCAGTCGCGGCTGGCTGGTGATAGATCCCGTCGGTCTGGTCGGTGAAGTGGGCTTTGGCGCCGCCAATATGTTCTACGATCCGGCTGACAGAGACGACCTTTGTCTCGATCCTAGACGCATTGCACAGATGGCGGACGCATTCTCTCGTGCGCTGGACGTCGATCCGCGTCGCCTGCTCGACCAGGCGTACGCTTATGGGTGCCTTTCCGCAGCTTGGAACGCGGATGGAGAACAGGAGCAACGCGATCTAGCTATCGCGGCCGCGATCAAGCAGGTGCGACAGACGTCATACTAG
4	gb|AF118110.1|-|71-1037|ARO:3003002|CfxA2	ATGGAAAAAAACAGAAAAAAACAAATCGTAGTTTTGAGTATAGCTTTAGTTTGCATTTTCATCTTGGTATTTTCATTGTTCCATAAATCAGCGACAAAAGATAGCGCAAATCCTCCTTTAACAAATGTTTTGACTGATAGCATTTCTCAAATTGTCTCAGCTTGTCCTGGCGAAATTGGTGTGGCGGTTATTGTTAATAACAGAGATACGGTTAAGGTCAATAATAAGAGTGTTTATCCTATGATGAGTGTGTTTAAGGTTCATCAGGCATTAGCTCTTTGTAATGACTTTGACAATAAAGGAATTTCACTTGATACCTTAGTAAATATAAATAGGGATAAACTTGACCCAAAGACTTGGAGTCCTATGCTGAAAGATTATTCAGGGCCAGTCATATCATTGACAGTGAGAGATTTGCTGCGTTATACTCTTACTCAGAGTGACAACAATGCAAGCAACCTTATGTTTAAGGATATGGTTAATGTCGCTCAAACAGATAGTTTTATAGCCACACTCATTCCTCGTTCAAGTTTTCAGATAGCTTATACGGAAGAGGAAATGTCGGCTGACCATAACAAGGCTTACTCTAACTATACATCTCCTCTTGGTGCTGCAATGTTGATGAATCGTTTGTTTACTGAAGGTCTTATCGATGATGAGAAACAAAGTTTCATTAAGAATACGTTAAAAGAATGCAAAACAGGTGTAGATAGGATAGCAGCTCCACTTCTTGATAAAGAAGGGGTTGTTATAGCGCATAAGACAGGTTCAGGTTATGTTAATGAAAATGGTGTTCTTGCAGCTCACAATGATGTTGCCTATATATGTCTGCCTAATAATATCAGTTATACCTTAGCGGTATTTGTTAAGGATTTCAAGGGAAATGAATCACAAGCGTCACAATATGTTGCGCATATATCAGCTGTAGTATATTCTTTATTAATGCAAACTTCAGTAAAATCTTAA
5	gb|AF144880|+|3541-3979|ARO:3002569|AAC(6')-Iy	ATGGACATCAGGCAAATGAACAAAACCCATCTGGAGCACTGGCGCGGATTGCGAAAACAGCTCTGGCCTGGTCACCCGGATGACGCCCATCTGGCGGACGGCGAAGAAATTCTGCAAGCCGATCATCTGGCATCATTTATTGCGATGGCAGACGGGGTGGCGATTGGCTTTGCGGATGCCTCAATCCGCCACGATTATGTCAATGGCTGTGACAGTTCGCCCGTGGTTTTCCTTGAAGGTATTTTTGTTCTCCCCTCATTCCGTCAACGCGGCGTAGCGAAACAATTGATTGCAGCGGTGCAACGATGGGGAACGAATAAAGGGTGTCGGGAAATGGCCTCCGATACCTCGCCGGAAAATACAATTTCCCAGAAAGTTCATCAGGCGTTAGGATTTGAGGAAACAGAGCGCGTCATTTTCTACCGAAAGCGTTGTTGA
6	gb|AF313472|+|15593-16397|ARO:3002639|APH(3'')-Ib	TTGAATCGAACTAATATTTTTTTTGGTGAATCGCATTCTGACTGGTTGCCTGTCAGAGGCGGAGAATCTGGTGATTTTGTTTTTCGACGTGGTGACGGGCATGCCTTCGCGAAAATCGCACCTGCTTCCCGCCGCGGTGAGCTCGCTGGAGAGCGTGACCGCCTCATTTGGCTCAAAGGTCGAGGTGTGGCTTGCCCCGAGGTGATCAACTGGCAGGAGGAACAGGAGGGTGCATGCTTGGTGATAACGGCAATTCCGGGAGTACCGGCGGCTGATCTGTCTGGAGCGGATTTGCTCAAAGCGTGGCCGTCAATGGGGCAGCAACTTGGCGCTGTTCACAGCCTATTGGTTGATCAATGTCCGTTTGAGCGCAGGCTGTCGCGAATGTTCGGACGCGCCGTTGATGTGGTGTCCCGCAATGCCGTCAATCCCGACTTCTTACCGGACGAGGACAAGAGTACGCCGCAGCTCGATCTTTTGGCTCGTGTCGAACGAGAGCTACCGGTGCGGCTCGACCAAGAGCGCACCGATATGGTTGTTTGCCATGGTGATCCCTGCATGCCGAACTTCATGGTGGACCCTAAAACTCTTCAATGCACGGGTCTGATCGACCTTGGGCGGCTCGGAACAGCAGATCGCTATGCCGATTTGGCACTCATGATTGCTAACGCCGAAGAGAACTGGGCAGCGCCAGATGAAGCAGAGCGCGCCTTCGCTGTCCTATTCAATGTATTGGGGATCGAAGCCCCCGACCGCGAACGCCTTGCCTTCTATCTGCGATTGGACCCTCTGACTTGGGGTTGA
7	gb|AF472622|+|52-1018|ARO:3003003|CfxA3	ATGGAAAAAAACAGAAAAAAACAAATCGTAGTTTTGAGTATAGCTTTAGTTTGCATTTTCATCTTGGTATTTTCATTGTTCCATAAATCAGCGACAAAAGATAGCGCAAATCCTCCTTTAACAAATGTTTTGACTGATAGCATTTCTCAAATTGTCTCAGCTTGTCCTGGCGAAATTGGTGTGGCGGTTATTGTTAATAACAGAGATACGGTTAAGGTCAATAATAAGAGTGTTTATCCTATGATGAGTGTGTTTAAGGTTCATCAGGCATTAGCTCTTTGTAATGACTTTGACAATAAAGGAATTTCACTTGATACCTTAGTAAATATAAATAGGGATAAACTTGACCCAAAGACTTGGAGTCCTATGCTGAAAGATTATTCAGGGCCAGTCATATCATTGACAGTGAGAGATTTGCTGCGTTATACTCTTACTCAGAGTGACAACAATGCAAGCAACCTTATGTTTAAGGATATGGTTAATGTCGCTCAAACAGATAGTTTTATAGCCACACTCATTCCTCGTTCAAGTTTTCAGATAGCTTATACGGAAGAGGAAATGTCGGCTGACCATAACAAGGCTTACTCTAACTATACATCTCCTCTTGGTGCTGCAATGTTGATGAATCGTTTGTTTACTGAAGGTCTTATCGATGATGAGAAACAAAGTTTCATTAAGAATACGTTAAAAGAATGCAAAACAGGTGTAGATAGGATAGCAGCTCCACTTCTTGATAAAGAAGGGGTTGTTATAGCGCATAAGACAGGTTCAGGTGATGTTAATGAAAATGGTGTTCTTGCAGCTCACAATGATGTTGCCTATATATGTCTGCCTAATAATATCAGTTATACCTTAGCGGTATTTGTTAAGGATTTCAAGGGAAATGAATCACAAGCGTCACAATATGTTGCGCATATATCAGCTGTAGTATATTCTTTATTAATGCAAACTTCAGTAAAATCTTAA
8	gb|AF550679.1|-|80976-81768|ARO:3002601|aadA	ATGAGGGAAGCGGTGATCGCCGAAGTATCGACTCAACTATCAGAGGTAGTTGGCGTCATCGAGCGCCATCTCGAACCGACGTTGCTGGCCGTACATTTGTACGGCTCCGCAGTGGATGGCGGCCTGAAGCCACACAGTGATATTGATTTGCTGGTTACGGTGACCGTAAGGCTTGATGAAACAACGCGGCGAGCTTTGATCAACGACCTTTTGGAAACTTCGGCTTCCCCTGGAGAGAGCGAGATTCTCCGCGCTGTAGAAGTCACCATTGTTGTGCACGACGACATCATTCCGTGGCGTTATCCAGCTAAGCGCGAACTGCAATTTGGAGAATGGCAGCGCAATGACATTCTTGCAGGTATCTTCGAGCCAGCCACGATCGACATTGATCTGGCTATCTTGCTGACAAAAGCAAGAGAACATAGCGTTGCCTTGGTAGGTCCAGCGGCGGAGGAACTCTTTGATCCGGTTCCTGAACAGGATCTATTTGAGGCGCTAAATGAAACCTTAACGCTATGGAACTCGCCGCCCGACTGGGCTGGCGATGAGCGAAATGTAGTGCTTACGTTGTCCCGCATTTGGTACAGCGCAGTAACCGGCAAAATCGCGCCGAAGGATGTCGCTGCCGACTGGGCAATGGAGCGCCTGCCGGCCCAGTATCAGCCCGTCATACTTGAAGCTAGACAGGCTTATCTTGGACAAGAAGAAGATCGCTTGGCCTCGCGCGCAGATCAGTTGGAAGAATTTGTCCACTACGTGAAAGGCGAGATCACCAAGGTAGTCGGCAAATAA
9	gb|AJ222769.3|+|3686-5606|ARO:3000194|tetW	ATGAAAATAATCAATATTGGAATTCTTGCCCATGTAGACGCTGGAAAGACGACCTTGACGGAGAGCCTGCTATATGCCAGCGGAGCCATTTCAGAACCGGGGAGCGTCGAAAAAGGGACAACGAGGACGGACACCATGTTTTTGGAGCGGCAGCGTGGGATTACCATTCAAGCGGCAGTCACTTCCTTCCAGTGGCACAGATGTAAAGTTAACATTGTGGATACGCCCGGCCACATGGATTTTTTGGCGGAGGTGTACCGCTCTTTGGCTGTTTTAGATGGGGCCATCTTGGTGATCTCCGCTAAAGATGGCGTGCAGGCCCAGACCCGTATTCTGTTCCATGCCCTGCGGAAAATGAACATTCCCACCGTTATCTTTATCAACAAGATCGACCAGGCTGGCGTTGATTTGCAGAGCGTGGTTCAGTCTGTTCGGGATAAGCTCTCCGCCGATATTATCATCAAGCAGACGGTGTCGCTGTCCCCGGAAATAGTCCTGGAGGAAAATACCGACATAGAAGCATGGGATGCGGTCATCGAAAATAACGATGAATTATTGGAAAAGTATATCGCAGGAGAACCAATCAGCCGGGAAAAACTTGCGCGGGAGGAACAGCAGCGGGTTCAAGACGCCTCCCTGTTCCCAGTCTATCATGGCAGCGCCAAAAATGGCCTTGGCATTCAACCGTTGATGGATGCGGTGACAGGGCTGTTCCAACCGATTGGGGAACAGGGGGGCGCCGCCCTATGCGGCAGCGTTTTCAAGGTTGAGTACACCGATTGCGGCCAGCGGCGTGTCTATCTACGGTTATACAGCGGAACGCTGCGCCTGCGGGATACGGTGGCCCTGGCCGGGAGAGAAAAGCTGAAAATCACAGAGATGCGTATTCCATCCAAAGGGGAAATTGTTCGGACAGACACCGCTTATCAGGGTGAAATTGTTATCCTTCCCAGCGACAGCGTGAGGTTAAACGATGTATTAGGGGACCAAACCCGGCTCCCTCGTAAAAGGTGGCGCGAGGACCCCCTCCCCATGCTGCGGACGACGATTGCGCCGAAAACGGCAGCGCAAAGAGAACGGCTGCTGGACGCTCTTACGCAACTTGCGGATACTGACCCGCTTTTGCGTTGCGAAGTGGATTCCATCACCCATGAGATCATTCTTTCTTTTTTGGGCCGGGTGCAGTTGGAGGTTGTTTCCGCTTTGCTGTCGGAAAAATACAAGCTTGAAACAGTGGTAAAGGAACCCTCCGTCATTTATATGGAGCGGCCGCTCAAAGCAGCCAGCCACACCATCCATATCGAGGTGCCGCCCAACCCGTTTTGGGCATCCATAGGACTGTCTGTTACACCACTCTCGCTTGGCTCCGGTGTACAATACGAGAGCCGGGTTTCGCTGGGATACTTGAACCAGAGTTTTCAAAACGCTGTCAGGGATGGTATCCGTTACGGGCTGGAGCAGGGCTTGTTCGGCTGGAACGTAACGGACTGTAAGATTTGCTTTGAATACGGGCTTTATTACAGTCCGGTCAGCACGCCGGCGGACTTCCGCTCATTGGCCCCGATTGTATTGGAACAGGCATTGAAGGAATCGGGGACGCAGCTGCTGGAACCTTATCTCTCCTTCATCCTCTATGCGCCCCAGGAATACCTTTCCAGGGCTTATCATGATGCACCGAAATACTGTGCCACCATCGAAACGGCCCAGGTAAAAAAGGATGAAGTTGTCTTTACTGGCGAGATTCCCGCCCGCTGTATACAGGCATACCGTACTGATCTGGCCTTTTACACCAACGGGCGGAGCGTATGCCTTACAGAGCTGAAAGGATATCAGGCCGCTGTCGGTCAGCCGGTCATCCAGCCCCGCCGTCCAAACAGCCGCCTGGACAAGGTGCGCCATATGTTTCAGAAGGTAATGTAA
10	gb|AJ276031.1|+|111-906|ARO:3004837|OXA-724	ATGTCCCGCCTTCTCTTATCCGGCCTGCTCGGCGCAGGCCTGCTGTTCTCGCTGCCGGCCAGCGCCGCCACCGGCTGCTTTCTCTATGCCGACGGCAACGGCCAGGCCCTCTCCAGCGAAGGGGATTGTTCAAGCCAGCTGCCACCCGCGTCCACCTTCAAGATCCCGCTGGCGCTGATGGGCTACGACAGCGGCTTTCTGGTGGACGAAGAGCACCCGGCACTGCCTTTCAAGCCGGGTTACGACGACTGGCTGCCCGCCTGGCGGGAAACAACCACCCCGCGCCGCTGGGAAACCTACTCGGTGGTCTGGTTCTCCCAGCAGATCACCGAATGGCTGGGGATGGAGCGCTTCCAGCAGTACGTCGACCGTTTTGACTACGGCAACCGGGATCTCTCCGGCAATCCTGGCAAGCACGACGGTCTGACCCAGGCCTGGCTCAGTTCCAGCCTTGCCATCAGTCCACAGGAGCAGGCCCGCTTCCTCGGCAAGATGGTGAGCGGCAAGCTGCCGGTGTCGGCGCAAACCCTGCAGTACACCGCCAACATCCTCAAGGTGAGCGAGAGCGACGGCTGGCAGATCCACGGCAAGACCGGCATGGGCTACCCGAAGAAGCTGGATGGCAGCCTCAACCGGGAGCAGCAGATCGGCTGGTTCGTCGGCTGGGCCAGCAAGCCGGGCAAACAGCTGATCTTCGTCCATACCGTGGTGCAGAAACCCGGCAAACAGTTCGCCTCGCTCAAGGCCAAGGAAGAGGTGCTGGCCGCCCTGCCGGCCAAACTGAAAACCCTGTGA
11	gb|AJ548797|+|923-1688|ARO:3003094|imiH	ATGATGAAAGGTTGGATGAAGTGTGGATTGGCCGGCGCCGTGGTGCTGATGGCGAGTTTCTGGGGTGGCAGCGTGCGGGCGGCGGGGATGTCGCTGACGCAGGTGAGCGGCCCTGTGTATGTGGTAGAGGACAACTACTACGTGCAGGAAAATTCCATGGTCTATTTCGGGGCCAAGGGCGTGACTGTGGTGGGGGCGACCTGGACGCCGGACACCGCCCGCGAGCTGCACAAGCTGATCAAACGGGTCAGCCGCCAGCCGGTGCTGGAGGTGATCAACACCAACTACCACACCGACCGGGCTGGCGGTAACGCCTACTGGAAGTCCATCGGTGCCAAGGTGGTATCGACCCGCCAGACCCGGGATCTGATGAAGAGCGACTGGGCCGAGATCGTTGCCTTTACCCGCAAGGGGTTGCCGGAGTACCCGGATCTGCCCCTGGTGCTGCCCAACGTGGTGCACGATGGCGACTTCACCCTGCAAGAGGGCAAGCTGCGCGCCTTCTACGCGGGCCCGGCCCACACGCCGGACGGCATCTTTGTCTACTTCCCCGACCAGCTGGTGCTCTATGGCAACTGCATCCTCAAGGAGAAGCTGGGCAACCTGAGCTTTGCCGATGTGAAGGCCTATCCGCAGACACTTGAGCGGCTGAAAGCGATGAAGCTGCCGATCAAGACGGTGGTGGGCGGTCACGACTCGCCACTGCACGGCCCCGAGCTTATCGATCACTACGAAGCGCTGATCAAGGCCGCACCCCAGTCATAA
12	gb|AJ579365.1|+|4149-5628|ARO:3003111|lsaB	ATGTCAATGATACATGTACAAAATTTAACTTTCTCTTATCCGAGTAGTTTTGATAATATCTTTGAAGATGTAAGCTTTCAAATTGATACAGATTGGAAGCTTGGATTTATTGGTCGAAATGGACGAGGGAAAACAACCCTTTTTAATTTATTACTAGATAAATTTGAATATAGGGGGAAAATCATTTCTTCGGTCGATTTTAACTACTTCCCATATCCAGTAGAAGATAAAAGTAAGTATACACATGAAATTTTAGAAGAAATATGCCCTCAAGCTGAGGACTGGGAATTTCTTCGAGAAATAGCTTATTTAAATGTGGATGCCGAAGCCATGTACCGTCCTTTTGAAACTTTATCAAACGGTGAACAAACAAAGGTATTGCTTGTTGCTCTATTTTTAAACGAAGGACAATTTTTATTAATTGATGAACCAACAAATCATTTAGATACTGAAGCTCGTAAGACGGTTTCGAATTACTTGAGGAAGAAAAAAGGGAATATTTTAATTTCTCATGACCGTAACTTTTTAGATGGCAGTGTTGATCATATCTTGTCTATAAATAGAGCAGATATTGAGGTTCAAAGTGGAAATTATTCCTCATGGAAGTTGAACTTTGACCGACAGCAGGGACATGAACAAGCAACAAATGAACGCTTGCAGAAGGATATTGGAAGGTTAGAACAATCTACAAAACGTTCGGCTGGTTGGTCTAACCGAGTCGAAGCTTCAAAAAATGGAACAACGAATTCTGGTTCTAAATTGGACAAAGGTTTTGTAGGACATAAAGCAGCAAAAATGATGAAACGATCTAAGAACCTTGAGGCTCGACAGCAAAAATCGATTGAAGAAAAGTCAAAGCTTCTAAAAAACATTGAAAAAACGGAGTCCCTACAGTTTGAACCAGTGGAATATAAATCGAAGGAACTCATTCAATTAACAGATGTGTCTGTCATATATGATGGGCAAGTTGTCAACAAACCAATAAGTTTTAATGTTGAACAAGGAGATAGAATTGTACTGGATGGAAAGAACGGCAGTGGAAAAAGTAGTATTTTAAAATTAATCTTAGGCGATCCAATACAGTATACAGGCACGTTAAATACGGGTTCTAACCTGATAACTTCTTATGTTCAGCAAGACACCTCTCATTTAAAGGGGATGCTAGCTGACTTTATTGAAGAAAATGAGATTGATGAATCGTTGTTTAAGGCCATCCTGAGAAAGCTAGATTTTGACCGAGTACAGTTTGAAAAAGATATATCTCATTATTCAGGTGGTCAGAAGAAAAAATTGCTTATCGCTAAAAGTTTATGTGAAAAAGCTCACCTATATATTTGGGATGAACCATTAAACTTTATTGATATTTACTCTCGAATGCAAATTGAAGAGCTTATTCAAACCTTTAATCCGACTATGGTTTTTGTTGAACATGACCAGACCTTCCAAGAGACAATATCAACAAAAATAATAAAAATATAA
13	gb|AJ809407|+|118-898|ARO:3002620|aadA23	GTGACCATCGAAATTTCGAACCAACTATCAGAGGTGCTAAGCGTCATTGAGCGCCATCTGGAATCAACGTTGCTGGCCGTGCATTTGTACGGCTCCGCAGTGGATGGCGGCCTGAAGCCATACAGCGATATTGATTTGCTGGTTACGGTGACCGTAAGGCTTGATGAAACAACGCGGCGAGCTTTGATCAACGACCTTTTGGAAACTTCGGCTTCCCCTGGAGAGAGCGAGATTCTCCGCGCTGTAGAAGTCACCATTGTTGTGCACGACGACATCATTCCGTGGCGTTATCCAGCTAAGCGCGAACTGCAATTTGGAGAATGGCAGCGCAATGACATTCTTGCAGGTATCTTCGAGCCAGCCACGATCGACATTGATCTGGCTATCTTGCTGACAAAAGCAAGAGAACATAGCGTTGCCTTAGTAGGTCCAGCGGCGGAGGAACTCTTTGATCCGGTTCCTGAACAGGATCTATTTGAGGCGCTAAATGAAACCTTAACGCTATGGAACTCGCCGCCCGACTGGGCTGGCGATGAGCGAAATGTAGTGCTTACGTTGTCCCGCATTTGGTACAGCGCAGTAACCGGCAAAATCGCGCCGAAGGATGTCGCTGCCGACTGGGCAATGGAGCGCCTGCCGGCCCAGTATCAGCCCGTCATACTTGAAGCTAGACAGGCTTATCTTGGACAAGAAGAAGATCGCTTGGCCTCGCGCGCAGATCAGTTGGAAGAATTTGTCCACTACGTGAAAGGCGAGATCACCAAGGTAGTCGGCAAATAA
14	gb|AL009126.3|-|339155-339749|ARO:3003059|tmrB	ATGATCATTTGGATAAACGGGGCATTCGGTTCGGGAAAAACACAAACAGCCTTCGAACTGCACAGAAGGCTGAACCCATCTTACGTGTATGATCCCGAGAAAATGGGTTTTGCGCTGCGCTCCATGGTGCCGCAGGAGATCGCAAAGGACGATTTTCAAAGCTATCCTTTATGGCGGGCGTTCAATTACAGTTTGCTAGCTTCTCTGACAGATACATACCGCGGCATCCTTATTGTGCCTATGACGATTGTACACCCTGAATACTTCAATGAGATCATCGGCAGGCTCAGACAGGAAGGCAGGATCGTTCACCACTTTACACTAATGGCTTCAAAGGAAACCTTGTTAAAAAGGCTGCGCACCAGAGCAGAAGGAAAAAACTCATGGGCCGCCAAACAAATTGACCGCTGTGTTGAAGGATTATCATCACCCATTTTTGAGGACCACATTCAAACAGACAACCTGTCGATTCAGGATGTGGCAGAGAACATTGCCGCGAGAGCCGAACTCCCATTAGATCCTGATACAAGAGGCAGCCTCCGAAGGTTCGCCGACAGATTAATGGTAAAGCTGAATCATATCCGCATCAAATAA
15	gb|AL009126|+|916777-919348|ARO:3003324|Bacillus_subtilis_mprF	TTGCTGATTAAAAAGAATGCTTTATCAATATTAAAAATCGTTTTTCCTATTGCTGTTTTGCTATTTGTTATTTATCAATCGAAAAAAGAACTGACAAATCTGTCATTCAAACGTACGCTCATGGTCATCAACGGACTGGAACGAACGGATTTATTCATGCTTGTGTTGATCGGCTTGCTGGCTGTTGCGGCTATGTCGCTGTATGATTACGTCCTGAAGTACTCACTGCGCCTATCGATCACAAACGGAAAAGTTTTCAGGGTTTCCTGGATCGCCAATTCATTTAATAATGTGTTGGGATTCGGCGGTTTAGCCGGAGTCGGGTTAAGAATGATGTTCTATAAGGAGCATACGAAAGACCATAAGGCACTCGTGAAAGGAATCGCCTGGCTCACATCATCTATGCTGCTCGGATTATCTGTTTTCAGCATTTTCGTTGCTGCGAGAGTGCTGCCAGTTGATGAAGTGATTCATGAGAAGCCTTGGCTGTGGGCGGTCGTTATCGGTTTTGCACTGATATTGCCGTTATCTTTAGCGGTGTCCAAAATAAAAGACCGCAAAGCTGGGGACGAAGAGAATGCGGATAAAGTGAAAAATCCGATTTTCGCATATATTGGAGCTTCAGTTGTTGAATGGCTCATGGCCGGGACCGTCATCTATTTTGCTTTGTTCGCTATGGGCATTCATGCAGATATCAGGTATGTGTTCGGGGTGTTCGTCATTGCGGCGATCGGAGGAATGATCAGCCTCGTGCCGGGCGGCTTCGGCTCGTTTGACCTTTTATTTTTGCTGGGGATGGAGCAGCTTGGCTATCATCAAGAGGCCATCGTTACTTCTATTGTGTTGTACAGGCTCGCCTACTCATTTATCCCATTTATCTTGGGACTGTTCTTTGCCGCCGGCGACCTGACGGAAAATACAATGAAGCGGCTCGAAACGAACCCGCGCATCGCACCGGCAATTGAGACGACAAACGTTCTGCTTGTTGTTCAGCGTGCGGTATTAGTGAGAATTTTGCAAGGCTCGCTTTCCCTTATTGTGTTCGTAGCAGGTCTGATTGTCTTGGCCTCAGTTTCCTTGCCGATTGACAGGCTGACGGTTATACCGCACATTCCGCGCCCGGCGCTTTTGCTGTTCAACGGCCTGTCCTTAAGCTCAGCGCTCATTCTGCTCATTTTGCCGATCGAGCTTTATAAACGGACAAAACGTTCCTACACGATGGCCATTACAGCGCTTGTCGGCGGCTTTGTGTTCAGCTTTTTAAAAGGGCTTAACATCAGCGCGATATTCGTACTGCCGATGATTATCGTATTGCTTGTGCTATTGAAAAAACAATTTGTCCGCGAACAGGCATCCTATACACTGGGACAATTGATATTCGCTGTGGCGCTGTTTACTGTGGCGCTCTTTAACTACAATCTGATCGCGGGCTTTATTTGGGACCGGATGAAGAAGGTGCTGCGTCACGAATATTTCGTCCACAGCACCTCGCATATTACACATGCAACCATCATGGCGATCATCATTGTGCCGCTGTTCTTCTTGATATTTACAGTGGTCTATCATAAGAGAACGAAACCGATCGGAGAGAAAGCTGACCCTGAGCGTCTTGCTGCGTTTCTCAATGAAAAAGGCGGCAACGCGCTGAGCCATCTTGGTTTTCTTGGAGATAAGCGGTTTTATTTTTCTAGCGATGGAAATGCACTGCTTCTGTTTGGGAAAATCGCCAGAAGGCTGGTCGTGCTCGGCGATCCATCTGGCCAAAGAGAATCATTCCCGCTCGTGCTGGAAGAATTTCTGAACGAAGCGCATCAGAAGGGATTCAGTGTTTTGTTCTATCAAATTGAACGAGAGGACATGGCGCTGTATCACGATTTTGGCTACAACTTCTTTAAATTGGGTGAGGAAGCATATGTAGATTTAAATACATTTACCTTGACTGGGAAGAAAAAAGCCGGCCTTCGGGCAATCAATAACCGCTTTGAGCGGGAGGAGTATACTTTCCATGTGGATCATCCCCCATTTTCTGATGCGTTTTTGGAGGAGCTGAAGCAAATCTCAGACGAATGGCTCGGCTCGAAAAAAGAGAAGGGATTCTCGCTCGGATTTTTTGATCCTTCCTATTTACAGAAAGCGCCGATCGCCTATATGAAAAATGCAGAAGGAGAGATCGTTGCATTCGCAAATGTCATGCCGATGTACCAGGAAGGAGAGATATCGGTCGATCTGATGCGCTATCGCGGCGACGCTCCAAATGGCATTATGGACGCATTGTTTATCCGTATGTTTTTATGGGCAAAGGAAGAGGGCTGTACGTCATTTAATATGGGGATGGCACCCTTGGCCAATGTCGGCACTGCCTTTACATCCTTCTGGTCCGAAAGGTTTGCCGCTGTCATTTTTAATAATGTCAGATACATGTACAGTTTCAGCGGCCTAAGAGCCTTTAAAGAAAAATATAAACCGGAGTGGCGAGGGAAATACTTAGCGTATCGGAAAAACAGATCTCTTTCTGTCACCATGTTCCTCGTTACACGTCTGATTGGCAAAAGCAAAAAAGACTCCGTCTAA
16	gb|AL009126|-|2735681-2736536|ARO:3002627|aadK	ATGCGAAGTGAGCAGGAAATGATGGACATTTTTTTGGACTTTGCTTTGAACGATGAGAGAATCCGATTGGTCACTTTGGAAGGGTCACGTACAAACAGAAATATCCCTCCTGACAACTTCCAAGATTATGACATCTCGTATTTTGTAACTGATGTAGAATCTTTTAAAGAAAATGATCAGTGGCTCGAAATCTTTGGGAAGCGCATTATGATGCAAAAACCAGAAGATATGGAGCTTTTTCCTCCCGAATTAGGTAATTGGTTTTCATACATTATTCTTTTTGAGGATGGCAACAAATTAGATCTAACCCTTATTCCAATTCGTGAAGCAGAAGATTATTTTGCTAATAACGATGGTTTGGTTAAGGTATTGCTTGATAAGGATTCGTTCATCAACTATAAAGTGACCCCAAATGATCGCCAATACTGGATAAAAAGGCCGACTGCAAGGGAATTTGATGATTGCTGTAATGAGTTCTGGATGGTTTCGACTTACGTAGTAAAAGGACTAGCAAGAAATGAAATCCTTTTTGCCATTGACCATTTAAATGAAATTGTACGTCCTAATTTATTGAGAATGATGGCCTGGCATATCGCATCTCAGAAAGGGTATTCATTTAGTATGGGGAAGAACTATAAATTTATGAAGCGGTACCTTTCAAATAAAGAATGGGAGGAACTCATGTCTACATATTCTGTGAATGGGTATCAGGAAATGTGGAAGTCTTTATTTACTTGCTATGCATTATTTAGAAAGTATTCAAAAGCTGTATCAGAAGGTCTTGCATATAAGTATCCTGATTACGATGAAGGTATTACTAAGTATACGGAAGGTATTTATTGCTCAGTAAAGTGA
17	gb|AM261837|+|73-865|ARO:3002619|aadA22	ATGAGGGTAGCGGTGACCATCGAAATTTCGAACCAACTATCAGAGGTGCTAAGCGTCATTGAGCGCCATCTGGAATCAACGTTGCTGGCCGTGCATTTGTACGGCTCCGCAGTGGATGGCGGCCTGAAGCCATACAGCGATATTGATTTGCTGGTTACGGTGACCGTAAGGCTTGATGAAACAACGCGGCGAGCTTTGATCAACGACCTTTTGGAAACTTCGGCTTCCCCTGGAGAGAGCGAGATTCTCCGCGCTGTAGAAGTCACCATTGTTGTGCACGACGACATCATTCCGTGGCGTTATCCAGCTAAGCGCGAACTGCAATTTGGAGAATGGCAGCGCAATGACATTCTTGCAGGTATCTTCGAGCCAGCCACGATCGACATTGATCTGGCTATCTTGCTGACAAAAGCAAGAGAACATAGCGTTGCCTTGGTAGGTCCAGCGGCGGAGGAACTCTTTGATCCGGTTCCTGAACAGGATCTATTTGAGGCGCTAAATGAAACCTTAACGCTATGGAACTCGCCGCCCGACTGGGCTGGCGATGAGCGAAATGTAGTGCTTACGTTGTCCCGCATTTGGTACAGCGCAGTAACCGGCAAAATCGCGCCGAAGGATGTCGCTGCCGACTGGGCAATGGAGCGCCTGCCGGCCCAGTATCAGCCCGTCATACTTGAAGCTAGACAGGCTTATCTTGGACAAGAAGAAGATCGCTTGGCCTCGCGCGCAGATCAGTTGGAAGAATTTGTCCACTACGTGAAAGGCGAGATCACCAAGGTAATCGGCAAATAA
18	gb|AP009048|-|4338624-4340268|ARO:3003576|eptA	ATGTTGAAGCGCCTACTAAAAAGACCCTCTTTGAATTTACTCGCCTGGCTATTGTTGGCCGCTTTTTATATCTCTATCTGCCTGAATATTGCCTTTTTTAAACAGGTGTTGCAGGCGCTGCCGCTGGATTCGCTGCATAACGTACTGGTTTTCTTGTCGATGCCGGTCGTCGCTTTCAGCGTGATTAATATTGTCCTGACACTAAGCTCTTTCTTATGGCTTAATCGACCACTGGCCTGCCTGTTTATTCTGGTTGGCGCGGCTGCACAATATTTCATAATGACTTACGGCATCGTCATCGACCGCTCGATGATTGCCAATATTATTGATACCACTCCGGCAGAAAGTTATGCGCTGATGACACCGCAAATGTTATTAACGCTGGGATTCAGCGGCGTGCTTGCTGCGCTGATTGCCTGCTGGATAAAAATCAAACCTGCCACCTCGCGTCTGCGCAGTGTTCTTTTCCGTGGAGCCAATATTCTGGTTTCTGTACTACTGATTTTGCTGGTCGCCGCACTGTTTTATAAAGACTACGCCTCGTTGTTCCGCAATAACAAAGAGCTGGTGAAATCCTTAAGCCCCTCTAACAGCATTGTTGCCAGCTGGTCATGGTACTCCCATCAGCGACTGGCAAATCTGCCGCTGGTGCGAATTGGTGAAGACGCGCACCGCAACCCGTTAATGCAGAACGAAAAACGTAAAAATTTGACCATCCTGATTGTCGGCGAAACCTCGCGGGCGGAGAACTTCTCCCTCAACGGCTACCCGCGTGAAACTAACCCGCGGCTGGCGAAAGATAACGTGGTCTATTTCCCTAATACCGCATCTTGCGGCACGGCAACGGCAGTTTCAGTACCGTGCATGTTCTCGGATATGCCGCGTGAGCACTACAAAGAAGAGCTGGCACAGCACCAGGAAGGCGTGCTGGATATCATTCAGCGAGCGGGCATCAACGTGCTGTGGAATGACAACGATGGCGGCTGTAAAGGTGCCTGCGACCGCGTGCCTCACCAGAACGTCACCGCGCTGAATCTACCTGATCAGTGCATCAACGGCGAATGCTATGACGAAGTGCTGTTCCACGGGCTTGAAGAGTACATCAATAACCTGCAAGGTGATGGCGTGATTGTCTTACACACCATCGGCAGCCACGGTCCGACCTATTACAACCGCTATCCGCCTCAGTTCAGGAAATTTACCCCAACCTGCGACACCAATGAGATCCAGACCTGTACCAAAGAGCAACTGGTGAACACTTACGACAACACGCTGGTTTACGTCGACTATATTGTTGATAAAGCGATTAATCTGCTGAAAGAACATCAGGATAAATTTACCACCAGCCTGGTTTATCTTTCTGACCACGGTGAATCGTTAGGTGAAAATGGCATCTATCTGCACGGTCTGCCTTATGCCATCGCCCCGGATAGCCAAAAACAGGTGCCGATGCTGCTGTGGCTGTCGGAGGATTATCAAAAACGGTATCAGGTTGACCAGAACTGCCTGCAAAAACAGGCGCAAACGCAACACTATTCACAAGACAATTTATTCTCCACGCTATTGGGATTAACTGGCGTTGAGACGAAGTATTACCAGGCTGCGGATGATATTCTGCAAACTTGCAGGAGAGTGAGTGAATGA
19	gb|AP012030.1|-|395553-396711|ARO:3004612|Escherichia_coli_ampH	TTGAAACGTAGTCTGCTTTTTTCTGCCGTGCTGTGTGCGGCGTCATTGACCTCCGTCCATGCGGCGCAGCCGATCACTGAACCGGAGTTTGCCTCTGATATTGTCGATCGTTATGCCGATCATATTTTTTACGGCAGCGGTGCCACGGGGATGGCTCTGGTTGTTATCGACGGTAACCAGCGCGTCTTTCGCAGTTATGGCGAAACGCGACCTGGTAATAACGTTCGCCCGCAGCTGGATTCGGTCGTGCGTATTGCTTCCCTCACCAAGCTAATGACCAGTGAGATGCTGGTGAAATTGCTCGACCAGGGGACCGTGAAGTTAAACGATCCGCTAAGTAAATATGCTCCGCCAGGCGCACGCGTGCCAACCTACAATGGGACGCCCATTACGCTGGTCAATCTGGCAACCCATACCAGCGCCCTGCCCCGTGAACAGCCCGGTGGCGCGGCACATCGTCCGGTGTTTGTCTGGCCAACGCGCGAGCAACGCTGGAAATACCTTTCTACGGCGAAGCTGAAAGCCGCGCCAGGCAGTCAGGCGGCGTACTCTAACCTTGCGTTCGACCTGCTGGCAGATGCACTGGCGAATGCGTCCGGCAAGCCTTATACCCAGTTGTTTGAAGAGCAGATTACCCGTCCATTGGGGATGAAAGACACCACCTACACCCCCTCACCGGATCAGTGCCGCCGTTTAATGGTTGCTGAGCGCGGTGCCAGTCCGTGCAATAACACGCTGGCGGCAATTGGCAGCGGCGGCGTCTATTCCACGCCTGGCGATATGATGCGCTGGATGCAGCAGTATTTGTCATCTGATTTTTATCAGCGCAGTAACCAGGCAGATCGCATGCAGACGTTGATTTATCAGCGCGCGCAGTTTACGAAAGTGATTGGCATGGATGTCCCCGGCAAAGCGGATGCGCTTGGTTTAGGTTGGGTATATATGGCCCCGAAAGAGGGTCGTCCGGGGATTATTCAGAAGACAGGCGGTGGTGGCGGTTTCATTACCTATATGGCGATGATCCCGCAGAAGAATATTGGCGCGTTTGTGGTGGTCACTCGTTCGCCGTTGACGCGCTTTAAAAATATGAGCGATGGCATCAATGACCTGGTGACCGAGCTAAGCGGGAATAAACCGTTGGTTATCCCCGCGTCCTGA
20	gb|APRY01000059.1|+|64996-65827|ARO:3001740|OXA-285	ATGAAAATTCTGATTTTGCTACCTTTACTGAGTTGCTTGGGCCTGACAGCGTGTACCTCACCTGTTTCATCTTTCCCTTCTCAGATCACTTCAACTCAATCGACTCAAGCCATTGCCCAATTATTTGATCAGGCGCAAAGTTCTGGCGTTTTAGTGATTCAGCGTGGTCAAAAAGTACAGGTCTATGGCAATGATTTAAGCCGTGCAGGTACCGAATATGTTCCAGCCTCTACTTTCAAAATGCTCAATGCCCTGATTGGTCTACAACATGGTAAAGCCACAACCAATGAGATTTTTAAATGGGATGGCAAGAAACGCAGTTTTGCAGCCTGGGAAAAAGACATGACGCTCGGCGAAGCCATGCAAGCTTCTGCTGTACCCGTCTATCAGGAACTGGCACGTCATATTGGTTTGGAATTAATGCAGCAGGAAGTACAACGCATCCAATTTGGTAATCAGCAGATTGGTCAGCAGGTCGATAACTTCTGGTTGGTAGGCCCTTTGAAAATCACTCCAAAACAGGAAGTCGAATTTGTCTCTGCTCTAGCCCGAGAGCAACTAGCCTTTGATCCTCAAGTCCAGCAGCAAGTTAAAGCCATGTTACTTTTACAGGAACGGCAAGCTTATCGCCTATATGCCAAATCCGGTTGGGGCATGGATGTACAACCTCAAGTCGGCTGGCTTACCGGCTGGGTTGAAACACCGCAAGCCGAGATCGTGTCATTTTCACTGAATATGCAGATGCAAAATGGTATGGATCCGGCGATCCGCCTTGAAATTTTGCAGCAGGCTTTGGCCGAATTAGGGCTTTATCCAAAAGCTGAAGGATGA
21	gb|AY055428.1|-|20268-21084|ARO:3000412|sul2	ATGAATAAATCGCTCATCATTTTCGGCATCGTCAACATAACCTCGGACAGTTTCTCCGATGGAGGCCGGTATCTGGCGCCAGACGCAGCCATTGCGCAGGCGCGTAAGCTGATGGCCGAGGGGGCAGATGTGATCGACCTCGGTCCGGCATCCAGCAATCCCGACGCCGCGCCTGTTTCGTCCGACACAGAAATCGCGCGTATCGCGCCGGTGCTGGACGCGCTCAAGGCAGATGGCATTCCCGTCTCGCTCGACAGTTATCAACCCGCGACGCAAGCCTATGCCTTGTCGCGTGGTGTGGCCTATCTCAATGATATTCGCGGTTTTCCAGACGCTGCGTTCTATCCGCAATTGGCGAAATCATCTGCCAAACTCGTCGTTATGCATTCGGTGCAAGACGGGCAGGCAGATCGGCGCGAGGCACCCGCTGGCGACATCATGGATCACATTGCGGCGTTCTTTGACGCGCGCATCGCGGCGCTGACGGGTGCCGGTATCAAACGCAACCGCCTTGTCCTTGATCCCGGCATGGGGTTTTTTCTGGGGGCTGCTCCCGAAACCTCGCTCTCGGTGCTGGCGCGGTTCGATGAATTGCGGCTGCGCTTCGATTTGCCGGTGCTTCTGTCTGTTTCGCGCAAATCCTTTCTGCGCGCGCTCACAGGCCGTGGTCCGGGGGATGTCGGGGCCGCGACACTCGCTGCAGAGCTTGCCGCCGCCGCAGGTGGAGCTGACTTCATCCGCACACACGAGCCGCGCCCCTTGCGCGACGGGCTGGCGGTATTGGCGGCGCTGAAAGAAACCGCAAGAATTCGTTAA
22	gb|AY171244|+|46-838|ARO:3002618|aadA21	ATGAGGGTAGCGGTGACCATCGAAATTTCGAACCAACTATCAGAGGTGCTAAGCGTCATTGAGCGCCATCTGGAATCAACGTTGCTGGCCGTGCATTTGTACGGCTCCGCAGTGGATGGCGGCCTGAAGCCATACAGCGATATTGATTTGCTGGTTACGGTGACCGTAAGGCTTGATGAAACAACGCGGCGAGCTTTGATCAACGACCTTTTGGAAACTTCGGCTTCCCCTGGAGAGAGCGAGATTCTCCGCGCTGTAGAAGTCACCATTGTTGTGCACGACGACATCATTCCGTGGCGTTATCCAGCTAAGCGCGAACTGCAATTTGGAGAATGGCAGCGCAATGACATTCTTGCAGGTATCTTCGAGCCAGCCACGATCGACATTGATCTGGCTATCTTGCTGACAAAAGCAAGAGAACATAGCGTTGCCTTGGTAGGTCCAGCGGCGGAGGAACTCTTTGATCCGGTTCCTGAACAGGATCTATTTGAGGCGCTAAATGAAACCTTAACGCTATGGAACTCGCCGCCCGACTGGGCTGGCGATGAGCGAAATGTAGTGCTTACGTTGTCCCGCATTTGGTACAGCGCAGTAACCGGCAAAATCGCGCCGAAGGATGTCGCTCGCGACTGGGCAATGGAGCGCCTGCCGGCCCAGTATCAGCCCGTCATACTTGAAGCTAGACAGGCTTATCTTGGACAAGAAGAAGATCGCTTGGCCTCGCGCGCAGATCAGTTGGAAGAATTTGTCCACTACGTGAAAGGCGAGATCACCAAGGTAGTCGGCAAATAA
23	gb|AY769933|+|0-966|ARO:3003005|CfxA4	ATGGAAAAAAACAGAAAAAAACAAATCGTAGTTTTGAGTATAGCTTTAGTTTGCATTTTCATCTTGGTATTTTCATTGTTCCATAAATCAGCGACAAAAGATAGCGCAAATCCTCCTTTAACAAATGTTTTGACTGATAGCATTTCTCAAATTGTCTCAGCTTGTCCTGGCGAAATTGGTGTGGCGGTTATTGTTAATAACAGAGATACGGTTAAGGTCAATAATAAGAGTGTTTATCCTATGATGAGTGTGTTTAAGGTTCATCAGGCATTAGCTCTTTGTAATGACTTTGACAATAAAGGAATTTCACTTGATACCTTAGTAAATATAAATAGGGATAAACTTGACCCAAAGACTTGGAGTCCTATGCTGAAAGATTATTCAGGGCCAGTCATATCATTGACAGTGAGAGATTTGCTGCGTTATACTCTTACTCAGAGTGACAACAATGCAAGCAACCTTATGTTTAAGGATATGGTTAATGTCGCTCAAACAGATAGTTTTATAGCCACACTCATTCCTCGTTCAAGTTTTCAGATAGCTTATACGGAAGAGGAAATGTCGGCTGACCATAACAAGGCTTACTCTAACTATACATCTCCTCTTGGTGCTGCAATGTTGATGAATCGTTTGTTTACTGAAGGTCTTATCGATGATGAGAAACAAAGTTTCATTAAGAATACGTTAAAAGAATGCAAAACAGGTGTAGATAGGATAGCAGCTCCACTTCTTGATAAAGAAGGGGTTGTTATAGCGCATAAGACAGGTTCAGGTAATGTTAATGAAAATGGTGTTCTTGCAGCTCACAATGATGTTGCCTATATATGTCTGCCTAATAATATCAGTTATACCTTAGCGGTATTTGTTAAGGATTTCAAGGGAAATGAATCACAAGCGTCACAATATGTTGCGCATATATCAGCTGTAGTATATTCTTTATTAATGCAAACTTCAGTAAAATCTTAA
24	gb|AY769934|+|27-993|ARO:3003096|CfxA5	ATGGAAAAAAACAGAAAAAAACAAATCGTAGTTTTGAGTATAGCTTTAGTTTGCATTTTCATCTTGGTATTTTCATTGTTCCATAAATCAGCGACAAAAGATAGCGCAAATCCTCCTTTAACAAATGTTTTGACTGATAGCATTTCTCAAATTGTCTCAGCTTGTCCTGGCGAAATTGGTGTGGCGGTTATTGTTAATAACAGAGATACGGTTAAGGTCAATAATAAGAGTGTTTATCCTATGATGAGTGTGTTTAAGGTTCATCAGGCATTAGCTCTTTGTAATGACTTTGACAATAAAGGAATTTCACTTGATACCTTAGTAAATATAAATAGGGATAAACTTGACCCAAAGACTTGGAGTCCTATGCTGAAAGATTATTCAGGGCCAGTCATATCATTGACAGTGAGAGATTTGCTGCGTTATACTCTTACTCAGAGTGACAACAATGCAAGCAACCTTATGTTTAAGGATATGGTTAATGTCGCTCAAACAGATAGTTTTATAGCCACACTCATTCCTCGTTCAAGTTTTCAGATAGCTTATACGGAAGAGGAAATGTCGGCTGACCATAACAAGGCTTACTCTAACTATACATCTCCTCTTGGTGCTGCAATGTTGATGAATCGTTTGTTTACTGAAGGTCTTATCGATGATGAGAAACAAAGTTTCATTAAGAATACGTTAAAAGAATGCAAAACAGGTGTAGATAGGATAGCAGCTCCACTTCTTGATAAAGAAGGGGTTGTTATAGCGCATAAGACAGGTTCAGGTTGTGTTAATGAAAATGGTGTTCTTGCAGCTCACAATGATGTTGCCTATATATGTCTGCCTAATAATATCAGTTATACCTTAGCGGTATTTGTTAAGGATTTCAAGGGAAATGAATCACAAGCGTCACAATATGTTGCGCATATATCAGCTGTAGTATATTCTTTATTAATGCAAACTTCAGTAAAATCTTAA
25	gb|CP010314.1|+|275837-276758|ARO:3004541|mphK	ATGACAAACCTTAACGAAAAACAGCTTATCACTGAGATTGTCGGGCTTGCACGCAGCCAAGGTTTGACGGTTCATTCTGAGAACGCGCAATTGAATGAAACCGGAATGGACTTTCAAGTTGTATTTGCCAAGGACGACACAGGTATGCCATGGGTGCTGCGAAAACCGCGGCGAAGTGATGTTGTGGAAAGAGCATCTGCAGAAGGCATAACGCTTGCCTTTCTCCGCGCGAATCTGACTGCTGATGTGCCGGATTGGAGAATTCATACACCGGAATTGATCGCTTACCCCATGTTAAAAGGAACGCCGGCTGCTGGAATTGACTTGGAACAAAAGCAATATGTATGGAATATGGATCATCAGCCGCCGTCAGACGACTTTGTCCGCACACTTGCCGACATACTGGCTGAATTACATGGCACGGATCAAATATCTGCTGGGCAATCCGGAATAGAAGTGATAAGGCCAGAAGATTTCAGGCAAATGACAGCAGACTCTATGGTTGATGTGAAGAATAAGCTTGGCGTATCTACGACGCTTTGGGAAAGATGGCAAAAGTGGGTAGATGATGATGCATACTGGCCGGGTTTCTCTTCTTTGATACACGGCGATCTCCACCCGCCGCATATCCTTATCGATCAAAATGGACGTGTCACAGGACTTCTGGATTGGACAGAAGCGAAGGTTGCTGACCCAGCCAAGGATTTTGTTCTTTATCAAACCATTTTCGGAGAAAAAGAAACTGCCCGTTTGCTTGAATACTATGATCAAGCAGGCGGCCGAATATGGGCAAAAATGCAGGAACACATCTCAGAGATGCAGGCGGCGTATCCGGTGGAAATCGCCAAGCTAGCTCTGCAAACACAGCAGGAGGAACACATCAATATGGCGCTGGAAGCACTTGGTGTAACATCGGATTAA
26	gb|DQ393783|+|1799-2591|ARO:3002615|aadA15	ATGAGGGAAGCGGTGATCGCCGAAGTATCGACTCAACTATCAGAGGTAGTTGGCGTCATCGAGCGCCATCTCGAACCGACGTTGCTGGCCGTCCATTTGTACGGCTCCGCAGTGGATGGCGGCCTGAAGCCACACAGTGATATTGATTTGCTGGTTACGGTGACCGTAAGGCTTGATGAAACAACGCGGCGAGCTTTGATCAACGACCTTTTGGAAACTTCGGCTTCCCCTGGAGAGAGCGAGATTCTCCGCGCTGTAGAAGTCACCATTGTTGTGCACGACGACATCATTCCGTGGCGTTATCCAGCTAAGCGCGAACTGCAATTTGGAGAATGGCAGCGCAATGACATTCTTGCAGGTATCTTCGAGCCAGCCACGATCGACATTGATCTGGCTATCTTGCTGACAAAAGCAAGAGAACATAGCGTTGCCTTGGTAGGTCCAGCGGCGGAGGAACTCTTTGATCCGGTTCCTGAACAGGATCTATTTGAGGCGCTAAATGAAACCTTAACGCTATGGAACTCGCCGCCCGACTGGGCCGGCGATGAGCGAAATGTAGTGCTTACGTTGTCCCGCATTTGGTACAGCGCAATAACCGGCAAAATCGCGCCGAAGGATGTCGCTGCCGACTGGGCAATAAAACGCCTACCTGCCCAGTATCAGCCCGTCTTACTTGAAGCTAAGCAAGCTTATCTGGGACAAAAAGAAGATCACTTGGCCTCACGCGCAGATCACTTGGAAGAATTTATTCGCTTTGTGAAAGGCGAGATCATCAAGTCAGTTGGTAAATGA
27	gb|DQ677333|+|0-780|ARO:3002621|aadA24	GTGACCATCGAAATTTCGAACCAACTATCAGAGGTGCTAAGCGTCATTGAGCGCCATCTCGAACCGACGTTGCTGGCCGTACATTTGTACGGCTCCGCAGTGGATGGCGGCCTGAAGCCACACAGTGATATTGATTTGCTGGTTACGGTGACCGTAAGGCTTGATGAAACAACGCGGCGAGCTTTGATCAACGACCTTTTGGAAACTTCGGCTTCCCCTGGAGAGAGCGAGATTCTCCGCGCTGTAGAAGTCACCATTGTTGTGCACGACGACATCATTCCGTGGCGTTATCCAGCTAAGCGCGAACTGCAATTTGGAGAATGGCAGCGCAATGACATTCTTGCAGGTATCTTCGAGCCAGCCACGATCGACATTGATCTGGCTATCTTGCTGACAAAAGCAAGAGAACATAGCGTTGCCTTGGTAGGTCCAGCGGCGGAGGAACTCTTTGATCCGGTTCCTGAACAGGATCTATTTGAGGCGCTAAATGAAACCTTAACGCTATGGAACTCGCCGCCCGACTGGGCTGGCGATGAGCGAAATGTAGTGCTTACGTTGTCCCGCATTTGGTACAGCGCAGTAACCGGCAAAATCGCGCCGAAGGATGTCGCTGCCGACTGGGCAATGGAGCGCCTGCCGGCCCAGTATCAGCCCGTCATACTTGAAGCTAGACAGGCTTATCTTGGACAAGAAGAAGATCGCTTGGCCTCCCGCGCAGATCAGTTGGAAGAATTTGTTCACTACGTGAAAGGCGAGATCACCAAGGTAGTCGGCAAATAA
28	gb|EU722333.1|+|1932-3852|ARO:3000196|tet32	ATGAAAATAATCAATATCGGCATTCTGGCCCATGTAGACGCAGGAAAAACTACATTGACAGAAAGTCTGCTATACACCAGTGGAGCGATTGCGGAACAGGGAAACGTGGATAAAGGGACCACAAGAACAGACACTATGATTTTGGAACGGCAACGGGGAATTACCATTCAGACAGCGGTTACTTCTTTTTATTGGAATGATTATAAAATCAATATCGTGGACACTCCCGGTCATATGGATTTTTTAACCGAAGCATACCGCTCTTTATCTGTCCTTGACGGAGCTGTTTTAGTCATTTCAGCAAAAGACGGCGTACAGGCACAAACCCGTATATTATTCCATGCGCTTCAGAAAATGGACATTCCGACAATTATCTTTATAAATAAGATAGACCAAAATGGGATCGACCTGCAGTGTGTTTACCAAAGCATTAAAGATAAACTTACCAGTGATATGATTGTCATGCAGGAGGTTTCCCTGTCGCCAAAGATAACCATGACCGATATTTCTGATTTAGACAAATGGGATATGATTATTTCCGGAAGCGATGAACTATTAGAACGATATGTTGCAGAGGATTCTTTGGATATACAGGAATTACAATATGAAAAGTGCAAAAGAACCAGATGCTGCTCTTTGTTTCCTGTTTATCATGGGAGTGCAAAAGACAATTTAGGAACAGAAAAACTGATTGAAGCGATTATAGAAACTTTCATTACAGAAACGGACGATATTCAGTCTGAATTATGTGGATATGTTTTTAAGGTTGAGTATACAGAGCGGAAAAAACGGCTTTCTTATTTACGCCTGTATCATGGGACGCTCCATTTACGGGATACCCTGCTGCTGTCAAAAAAGGAAAAAATAAAGATTACAGAAATGTGTATTCCGTCAAATGGTGAAATCGTCCCGGCTGACCATGCCTGTCCGGGAGAAATTGTTATTTTAGCTGATGATACTTTGAAACTGAACGATATCCTGGGAAATGAAAAACTCCTGCCTCACAAAACACGGATTGATAATCCCATGCCATTACTTCGGACAACGGTAGAGCCGCAAAAGCCGGAGCAAAGGGAAGCCCTGTTAAATGCCCTCGCAGAGATTGCTGATACAGACCCTCTTTTGCATTTTGACATTGATACTGTTACCCATGAGATTATGTTATCTTTTTTGGGAAAAGTACAGTTAGAAGTTATTTGTTCGCTATTAGAAGAAAAATATCATGTGGGCGTGGCTATGAAAGAGCCTTCGGTTATTTATCTGGAAAGACCGCAAAAAAAAGCGAGCTGCACGATTCATATTGAAGTGCCGCCGAATCCGTTTTGGGCATCTATTGGTTTGACTGTAACACCGCTTCCTGTTGGAAGCGGAACACAATATAAAAGCGAGGTATCTCTCGGCTATTTAAACCAAAGTTTTCAAAATGCCGTCATGGAGGGTGTGCGTTATGGAATGGAGCAGGGCTTATATGGCTGGGGAGTGACAGACTGCCAAATTTGTTTTGATTATGGAGTTTATTACAGCCCGGTCAGCACCCCCGCTGATTTTCGTTTTCTTGCGCCTGTCGTGTTGGAGCAGGCATTGAAAAAAGCAGGGACACAACTGTTGGAACCATACCTTTCCTTTACCCTTTTTGCACCGCAGGAATATCTTTCACGGGCTTATAATGATGCACCAAAGTATTGCGCAATCATTGAATCAACCAGACTTGAAAAAGATGAAGTTATTTTTAAGGGTGAAATCCCTGCCCGTTGTATCGGTGAATATAGGAATGATCTGAATTTTTATACAAATGGAAGAAGTGTCTGCATTACAGAATTAAAAGGGTATCAGGAAACTTCCGGCGAGCCTGTATTTCAGCCACGCCGCCCGAACAGCCGTTTAGACAAGATCCGGCATATGTTTCAGAAGATAATGTAA
29	gb|FN649414.1|+|2765050-2766355|ARO:3004611|Escherichia_coli_ampC1_beta-lactamase	ATGAAACGGACAATGCTCTATCTTTCTCTGCTGGCTGTTAGTTGTAGCGTCAGCGCCGCAAAATACCCTGTTCTGACAGAAAGCTCGCCAGAGAAAGCAGGGTTTAACGTCGAACGGCTTAACCAGATGGATCGCTGGATTAGCCAGCAAGTTGATGTCGGTTATCCCAGCGTAAACCTGCTGATCATTAAAGATAATCAGATTGTGTATCGCAAAGCCTGGGGAGCGGCGAAAAAGTACGATGGCAGCGTGTTGATGGAACAGCCTGTCAAAGCCACCACCGGGACGCTGTATGACCTGGCCTCAAACACCAAAATGTACGCCACGAACTTCGCCCTGCAAAAGCTGATGAGCGAAGGCAAACTGCATCCTGACGATCGGATTGCGAAATATATTCCGGGGTTTGCCGATAGTCCAAATGACACCATTAAAGGCAAAAACACCCTGCGGATTTCTGACCTGCTGCATCACAGCGGCGGTTTCCCGGCAGATCCGCAATACCCGAATAAAGCGGTCGCGGGCGCGTTATATTCCCAGGATAAAGGCCAGACGCTGGAGATGATCAAGCGCACGCCGCTGGAATATCAGCCCGGCAGCAAACATATCTACAGCGATGTCGATTATATGCTGCTTGGATTTATCGTCGAGTCGGTTACCGGTCAGCCGCTTGACCGCTATGTTGAAGAGTCGATTTATCGCCCGCTCGGCCTGACACATACGGTATTTAACCCGCTGCTGAAAGGCTTTAAACCGCAACAAATTGCCGCCACGGAATTGAACGGCAATACCCGCGATGGCGTGATCCATTTCCCGAATATCCGCACCTCCACTCTCTGGGGTCAGGTGCACGATGAAAAAGCCTTTTATTCGATGGGCGGCGTTTCCGGGCACGCAGGTTTGTTTTCCAATACCGGCGATATTGCGGTGTTAATGCAAACGATGCTGAACGGCGGGGGCTATGGTGATGTGCAGCTGTTCAATGCGGAAACGGTGAAGATGTTCACCACCAGCTCTAAGGAAGATGCCACTTTTGGCCTCGGCTGGCGCGTGAATGGTAATGCCACCATGACGCCGACGTTTGGCACGCTGGCAAGCCCGCAAACCTACGGTCACACTGGCTGGACCGGAACGGTGACCGTTATCGATCCGGTGAATCATATGACGATTGTGATGTTAAGCAACAAGCCACATTCGCCGGTTGCCGATCCGCAAAAGAATCCCAATATGTTCGAAAGCGGTCAGTTGCCGATTGCAACTTATGGTTGGGTAGTTGATCAGGTGTATGCGGCGTTAAAGCAGAAGTAA
30	gb|GQ343019|+|132-1023|ARO:3002999|CblA-1	ATGAAAGCATATTTCATCGCCATACTTACCTTATTCACTTGTATAGCTACCGTCGTCCGGGCGCAGCAAATGTCTGAACTTGAAAACCGGATTGACAGTCTGCTCAATGGCAAGAAAGCCACCGTTGGTATAGCCGTATGGACAGACAAAGGAGACATGCTCCGGTATAACGACCATGTACACTTCCCCTTGCTCAGTGTATTCAAATTCCATGTGGCACTGGCCGTACTGGACAAGATGGATAAGCAAAGCATCAGTCTGGACAGCATTGTTTCCATAAAGGCATCCCAAATGCCGCCCAATACCTACAGCCCCCTGCGGAAGAAGTTTCCCGACCAGGATTTCACGATTACGCTTAGGGAACTGATGCAATACAGCATTTCCCAAAGCGACAACAATGCCTGCGACATCTTGATAGAATATGCAGGAGGCATCAAACATATCAACGACTATATCCACCGGTTGAGTATCGACTCCTTCAACCTCTCGGAAACAGAAGACGGCATGCACTCCAGCTTCGAGGCTGTATACCGCAACTGGAGTACTCCTTCCGCTATGGTCCGACTACTGAGAACGGCTGATGAAAAAGAGTTGTTCTCCAACAAGGAGCTGAAAGACTTCTTGTGGCAGACCATGATAGATACTGAAACCGGTGCCAACAAACTGAAAGGTATGTTGCCAGCCAAAACCGTGGTAGGACACAAGACCGGCTCTTCCGACCGCAATGCCGACGGTATGAAAACTGCAGATAATGATGCCGGCCTCGTTATCCTTCCCGACGGCCGGAAATACTACATTGCCGCCTTCGTCATGGACTCATACGAGACGGATGAGGACAATGCGAACATCATCGCCCGCATATCACGCATGGTATATGATGCGATGAGATGA
31	gb|JX440349|+|1026-2172|ARO:3002087|CMY-74	ATGATGAAAAAATCGATATGCTGCGCGCTGCTGCTGACAGCTTCTTTCTCCACGTTTGCCGCCGCCAAAACAGAACAACAAATTGCCGATATCGTTAACCGCACCATCACACCGCTGATGCAGGAGCAGGCAATTCCGGGCATGGCCGTTGCGATTATCTATCAGGGGAAACCTTATTACTTTACCTGGGGTAAAGCCGATATCGCCAATAACCGTCCAGTCACTCAACAAACGCTGTTTGAACTCGGATCGGTCAGTAAAACGTTCAACGGCGTGCTGGGCGGCGATGCTATCGCCCGCGGCGAAATTAAGCTCAGCGATCCGGTCACGCATTACTGGCCTGAACTGACTGGTAAGCAGTGGCAGGGTATCAGCCTGCTGCACTTAGCCACCTACACGGCAGGCGGCCTGCCGCTTCAGGTTCCGGACGACGTTACGGATAAAGCCGCGTTACTACGCTTTTATCAAAACTGGCAGCCGCAATGGGCCCCAGGCGCTAAACGTCTTTATGCTAACTCCAGCATTGGTCTGTTTGGCGCCCTGGCGGTGAAACCCTCAGGCATGAGCTACGAAGAGGCGATGACCAAACGCGTCCTGCACCCCTTAAAACTGGCGCATACCTGGATTACGGTTCCGCAGAGCGAACAAAAAGATTATGCCTGGGGTTATCGCGAAGGAAAGCCAGTGCATGTATCCCCTGGCCAACTTGATGCCGAAGCCTACGGGGTGAAATCGAGCGTTATCGATATGACCCGTTGGGTTCAGGCCAACATGGACGCCAGCCAGGTTCAGGAGAAAACGCTCCAGCAGGGCATCGAGCTTGCGCAGTCACGTTACTGGCGTGTTGGCGATATGTACCAGGGCCTGGGCTGGGAGATGCTGAACTGGCCGGTGAAAGCCGACTCGATAATTAGCGGTAGCGACAGCAAAGTGGCACTGGCAGCGCTTCCTGCCGTTGAGGTAAACCCGCCCGCGCCTGCCGTGAAAGCCTCATGGGTGCATAAAACGGGCTCCACTGGCGGATTCGGCAGCTACGTTGCTTTCGTTCCAGAAAAAAACCTTGGCATCGTGATGCTGGCAAATAAGAGCTACCCAAACCCTGTTCGCGTCGAGGCCGCCTGGCGCATTCTTGAAAAACTGCAGTAA
32	gb|JX440350|+|1026-2172|ARO:3002083|CMY-70	ATGATGAAAAAATCGATATGCTGCGCGCTGCTGCTGACAGCTTCTTTCTCCACGTTTGCCGCCGCAAAAACAGAACAACAAATTGCCGATATCGTTAACCGCACCATCACACCGCTGATGCAGGAGCAGGCAATTCCGGGTATGGCCGTTGCGATTATCTATCAGGGGAAACCTTATTACTTTACCTGGGGTAAAGCCGATATCGCCAATAACCGTCCAGTCACGCAACAAACGCTGTTTGAACTCGGATCGGTCAGTAAAACGTTCAACGGTGTGCTGGGCGGCGATGCTATAGCCCGCGGCGAAATTAAGCTCAGCGATCCGGTCACGCAGTACTGGCCTGAACTGACTGGTAAGCAGTGGCAGGGTATCAGCCTGCTGCACTTAGCCACCTACACGGCAGGCGGCCTGCCGCTTCAGGTTCCGGACGACGTTACGGATAAAGCCGCGTTACTACGCTTTTATCAAAACTGGCAGCCGCAATGGGCCCCAGGCGCTAAACGTCTTTATGCTAACTCCAGCATTGGTCTGTTTGGCGCCCTGGCAGTGAAACCCTCAGGCATGAGCTACGAAGAGGCGATGTCCAAACGCGTCCTGCACCCCTTAAAACTGGCGCATACCTGGATTACGGTTCCGCAGAGCGAACAAAAAGATTATGCCTGGGGTTATCGCGAAGGAAAGCCAGTGCATGTATCCCCTGGCCAACTTGATGCCGAAGCATACGGGGTGAAATCGAGCGTTATCGATATGACCCGTTGGGTTCAGGCCAACATGGACGCCAGCCAGGTTCAGGAGAAAACGCTCCAGCAGGGCATCGAGCTTGCGCAGTCACGTTACTGGCGTATTGGCGATATGTACCAGGGCCTGGGCTGGGAGATGCTGAACTGGCCGGTGAAGGCCGACTCGATAATTAGCGGTAGCGACAGCAAAGTGGCACTGGCAGCGCTTCCTGCCGTTGAGGTAAACCCGCCCGCGCCTGCCGTGAAAGCCTCATGGGTGCATAAAACGGGCTCCACTGGCGGATTCGGCAGCTACGTTGCTTTCGTTCCAGAAAAAAACCTTGGCATCGTGATGCTGGCAAACAAGAGCTACCCAAACCCTGTTCGCGTCGAGGCCGCCTGGCGCATTCTTGAAAAACTGCAGTAA
33	gb|JX440351|+|1026-2172|ARO:3002096|CMY-83	ATGATGAAAAAATCGATATGCTGCGCGCTGCTGCTGACAGCTTCGTTCTCCACGTTTGCCGCCGCAAAAACAGAACAACAAATTGCCGATATCGTTAACCGCACCATCACACCGCTGATGCAGGAGCAGGCTATTCCGGGTATGGCCGTTGCGATTATCTATCAGGGGAAACCTTATTACTTTACCTGGGGTAAAGCCGATATCGCCAATAACCGTCCAGTCACTCAACAAACGCTGTTTGAACTCGGATCGGTCAGTAAAACGTTCAACGGCGTGCTGGGCGGCGATGCTATCGCCCGCGGCGAAATTAAGCTCAGCGATCCGGTCACGCATTACTGGCCTGAACTGACTGGTAAGCAGTGGCAGGGTATCAGCCTGCTGCACTTAGCCACCTACACGGCAGGCGGCCTGCCGCTTCAGGTTCCGGACGACGTTACGGATAAAGCCGCGTTACTACGCTTTTATCAAAACTGGCAGCCGCAATGGGCCCCAGGCGCTAAACGTCTTTATGCTAACTCCAGCATTGGTCTGTTTGGCGCCCTGGCGGTGAACCCCTCAGGCATGAGCTACGAAGAGGCGATGACCAAACGCGTCCTGCGCCCCTTAAAACTGGCGCATACCTGGATTACGGTTCCGCAGAGCGAACAAAAAGATTATGCCTGGGGTTATCGCGAAGGAAAGCCAGTGCATGTATCCCCTGGGCAACTTGATGCCGAAGCCTACGGGGTGAAATCGAGCGTTATCGATATGACCCGTTGGGTTCAGGCCAACATGGACGCCAGCCAGGTTCAGGAGAAAACGCTCCAGCAGGGCATCGAGCTTGCGCAGTCACGTTACTGGCGTATTGGCGATATGTACCAGGGCCTGGGCTGGGAGATGCTGAACTGGCCGGTGAAGGCCGACTCGATAATTAGCGGTAGCGACAGCAAAGTGGCCCTGGCAGCGCTTCCTGCCGTTGAGGTAAACCCGCCCGCGCCTGCCGTGAAAGCCTCATGGGTGCATAAAACGGGCTCCACTGGCGGATTCGGCAGCTACGTTGCTTTCGTTCCAGAAAAAAACCTTGGCATCGTGATGCTGGCAAACAAGAGCTACCCAAACCCTGTTCGCGTCGAAGCCGCCTGGCGCATTCTTGAAAAACTGCAGTAA
34	gb|KF526113|+|0-1146|ARO:3002112|CMY-100	ATGATGAAAAAATCGATATGCTGCGCGCTGCTGCTGACAGCTTCTTTCTCCACGTTTGCCGCCGCAAAAACAGAACAACAAATTGCCGATATCGTTAACCGCACCATCACACCGCTGATGCAGGAGCAGGCAATTCCGGGCATGGCCGTTGCGATTATCTATCAGGGGAAACCTTATTACTTTACCTGGGGTAAAGCCGATATCGCCAATAACCGTCCAGTCACTCAACAAACGCTGTTTGAACTCGGTTCGGTCAGTAAAACGTTCAACGGTGTGCTGGGCGGCGATGCTATCGCCCGCGGCGAAATTAAGCTCAGCGATCCGGTCACGCAGTACTGGCCTGAACTGACGGGTAAGCAGTGGCAGGGTATCAGCCTGCTGCACTTAGCCACCTACACGGCAGGCGGCCTGCCGCTTCAGGTTCCGGACGACGTTACGGATAAAGCCGCATTACTACACTTTTATCAAAACTGGCAGCCGCAATGGGCCTCAGGCGCTAAACGTCTTTATGCTAACTCCAGCATTGGTCTGTTTGGCGCCCTGGCGGTGAAACCTTCAGGCATGAGCTACGAAGAGGCGATGACCAAACGCGTCCTGCACCCCTTAAAACTGGCGCATACCTGGATTACGGTTCCGCAGAGCGAACAAAAAGATTATGCCTGGGGTTATCGCGAAGGAAAGCCAGTGCATGTATCCCCTGGCCAACTTGATGCCGAAGCCTACGGGGTGAAATCGAGCGTTATCGATATGACCCGTTGGGTTCAGGCCAACATGGACGCCAGCCAGGTTCAGGAGAAAACGCTCCAGCAGGGAATCGAGCTTGCGCAGTCACGTTACTGGCGTATTGGCGATATGTACCAGGGCCTGGGTTGGGAGATGCTGAACTGGCCGGTGAAGGCCGACTCGATAATTAGCGGTAGCGACAGCAAAGTAGCACTGGCAGCGCTTCCTGCCGTTGAGGTAAACCCGCCCGCGCCTGCCGTGAAAGCCTCATGGGTGCATAAAACGGGCTCCACTGGCGGATTTGGCAGCTACGTTGCTTTCGTTCCAGAAAAAAACCTTGGCATCGTGATGCTGGCAAACAAGAGCTACCCAAACCCTGTTCGCGTCGAGGCCGCCTGGCGCATTCTTGAAAAACTGCAGTAA
35	gb|KF526114|+|0-1146|ARO:3002113|CMY-101	ATGATGAAAAAATCGATATGCTGCGCGCTGCTGCTGACAGCTTCTTTCTCCACGTTTGCCGCCGCCAAAACAGAACAACAAATTGCCGATATCGTTAACCGCACCATCACACCGCTGATGCAGGAGCAGGCTATTCCGGGTATGGCCGTTGCGATTATCTATCAGGGGAAACCTTATTACTTTACCTGGGGTAAAGCCGATATCGCCAATAACCGTCCAGTCACGCAACAAACGCTGTTTGAACTCGGATCGGTCAGTAAAACGTTCAACGGCGTGCTGGGCGGCGATGCTATCGCCCGCGGCGAAATTAAGCTCAGCGATCCGGTCACGCATTACTGGCCTGAACTGACTGGTAAGCAGTGGCAGGGTATCAGCCTGCTGCACTTAGCCACCTACACGGCAGGCGGCCTGCCGCTTCAGGTTCCGGACGACGTTACGGATAAAGCCGCGTTACTACGCTTTTATCAAAACTGGCAGCCGCAATGGGCCCCAGGCGCTAAACGTCTTTATGCTAACTCCAGCATTGGTCTGTTTGGCGCCCTGGCGGTGAAACCCTCAGGCATGAGCTACGAAGAGGCGATGACCAAACGCGTCCTGCACCCCTTAAAACTGGCGCATACCTGGATTACGGTTCCGCAGAGCGAACAAAAAGATTATGCCTGGGGTTATCGCGAAGGAAAGCCAGTGCATGTATCCCCTGGCCAACTTGATGCCGAAGCATACGGGGTGAAATCGAGCGTTATCGATATGACCCGTTGGGTTCAGGCCAACATGGACGCCAGCCAGGTTCAGGAGAAAACGCTCCAGCAGGGCATCGAGCTTGCGCAGTCACGTTACTGGCGTATTGGCGATATGTACCAGGGCCTGGGTTGGGAGATGCTGAACTGGCCGGTGAAAGCCGACTCGATAATTAGCGGTAGCGACAGCAAAGTGGCACTGGCAGCGCTTCCTGCCGTTGAGGTAAACCCGCCCGCGCCTGCCGTGAAAGCCTCATGGGTGCATAAAACGGGCTCCACTGGCGGATTCGGCAGCTACGTTGCTTTCGTTCCAGAAAAAAACCTTGGCATCGTGATGCTGGCAAACAAGAGCTACCCAAACCCTGTTCGCGTCGAGGCCGCCTGGCGCATTCTTGAAAAACTGCAGTAA
36	gb|KF730243.1|+|0-1143|ARO:3004647|AQU-2	ATGAAGCAAACCTCACCCTTGTCGTTGCTGGCGCTGAGCGCCCTGCTGCTGTCGCCCCTCACCCAGGCCGCTCCCGCCGATCCGCTGGTCGGGGTAGTGGATGACGTCATTCGTCCGCTGGTGAAAGAGCACAGGATCCCGGGCATGGCGGTAGCCGTGTTCAAAGAGGGGCAACCCCACTACTTCAACTACGGGGTTGCCGAGCTGGCGACGGGGAAGAAGGTCAGCGAGCAGACCCTGTTCGAGATTGGCTCGGTCAGCAAGACCCTGACCGCGACCCTGGGGGCCTACGCCGTGGTCAAGGGGAGCATTGGGCTGGATGACAAGGTGAGCCGGCACGCTCCCTGGCTCAAGGGCTCCGCCTTTGATGGCATTACCATGGCCGAGCTTGCCACTTACAGTGCCGGGGGTCTGCCGCTGCAATTCCCCGACGAGGTGGAATCGCTCGAGCAGATGCAGGCTTACTATCGCCAGTGGACGCCGGCCTATCAACCAGGCAGCCATCGCCAGTACTCCAACCCCAGTATCGGCCTGTTCGGCTATCTGGCGGCGAGCAGTCTGCAGCAGCCGTTTGCCCAGTTGATGGAGCAGACCCTGCTGCCCGGGCTCGGCCTGCATCACACCTATATCAATGTGCCGAAGCAGGCCATGGCGAACTACGCCTATGGCTATTCGAAAGAGGACAAGCCCATCAGGGTCAATCCCGGCATGCTGGCCGACGAGGCCTACGGCATCAAGACTAGCTCGGCGGATCTGCTCGCCTTCGTGCAGGCCAACATCAACGGGGTGGATGACAAGGGGTTGCAGCAGGCCATCGCTTTGACCCACCAGGGGCACTACTCGGTAGGCGGGATGACTCAGGGGCTGGGCTGGGAGAGTTACCCCTATCCGGTCAGCGAGCAGACGCTGCTGGCGGGCAACTCGGCCCAGGTGATCATGAARGCCAATCCGACGACGGCCGCGCCGAAKGAGATGGGGAGCCAGCGGCTCTTCAACAAGACTGGCTCGACCAACGGCTTTGGCGCCTATGTGGCCTTCGTGCCGGCCAAGGGAGTGGGCATCGTCATGCTGGCCAACCGCAACTACCCCATCCAGGAGAGGGTAAAGGCGGCCCACGCCATCCTGAGCAAGCTGGCTCCCTGA
37	gb|KF730244.1|+|0-1149|ARO:3004648|AQU-3	ATGAAGCAAACCTCACCCTTGTCGTTGCTGGCGCTGAGCGCCCTGCTGCTGTCGCCCCTCACCCAGGCCGCTCCCGCCGATCCGCTGGTCGGGGTAGTGGATGACGTCATTCGTCCGCTGGTGAAAGAGCACAGGATCCCGGGCATGGCGGTCGCCGTGCTGAAGGGGGGGCAGGCCCACTACTTCAACTACGGGGTTGCCGAGCTGGCAACGGGGAAGAAGGTCAGCGAGCAGACCCTGTTCGAGATTGGCTCGGTCAGCAAGACCCTGACCGCGACCCTGGGGGCCTACGCCGTGGTCAAGGGGAGCATTGGGCTGGATGACAAGGTGAGCCGGCACGCTCCCTGGCTCAAGGGCTCCGCCTTTGATGGCATTACCATGGCCGAGCTTGCCACTTACAGTGCCGGGGGCCTGCCGCTGCAATTCCCCGACGAGGTGGAATCGCTCGAGCAGATGCAGGCTTACTATCGCCAGTGGACGCCGGCCTATCAACCAGGCAGCCATCGCCAGTACTCCAACCCCAGTATCGGCCTGTTCGGCTATCTGGCGGCGAGCAGTCTGCAGCAGCCGTTTGCCCAGTTGATGGAGCAGACCCTGCTGCCAGGGCTCGGCCTGCATCACACCTATATCAATGTGCCTAAGCAGGCGATGGCGAACTACGCCTATGGCTATTCGAAAGAGGACAAGCCCATCAGGGTCACGCCAGGGGTGCTGGCGGACGAGGCCTACGGCATCAAGACCAGCTCGGCGGATCTGCTCGCCTTCGTGAAGGCCAACATCAACGGGGTGGATGACAAGGGGTTGCAGCAGGCCATCGCTTTGACCCACCAGGGGCACTACTCGGTAGGCGGGATGACTCAGGGGCTGGGCTGGGAGAGCTACCCCTATCCAGTCAGTGAGCAGACGCTGCAGGTTGGGAACTCCCGCGAGGTGAGTTTCAAGGGCAATCCTGTCAAAGGATTCAAGGCGCCGGTTACATTTGGTGAGGCGCGGCTCTACAACAAGACCGGCTCGACCAACGGCTTTGGCGCCTATGTGGCCTTCGTGCMGGCCAAGGGAGTGGGCATCGTCATGCTGGCCAACCGCAACTACCCCATCCAGGAGAGGGTAAAGGCGGCCCACGCCATCCTGAGCAAGCTGGCTCCCTGA
38	gb|KF992025|+|1026-2172|ARO:3002106|CMY-93	ATGATGAAAAAATCGATATGCTGCGCGCTGCTGCTGACAGCTTCGTTCTCCACGTTTGCCGCCGCAAAAACAGAACAACAAATTGCCGATATCGTTAACCGCACCATCACACCGCTGATGCAGGAGCAGGCAATTCCGGGCATGGCCGTTGCGATTATCTATCAGGGGAAACCTTATTACTTTACCTGGGGTAAAGCCGATATCGCCAATAACCGTCCAGTCACTCAACAAACGCTGTTTGAACTCGGATCGGTCAGTAAAACGTTCAACGGTGTGCTGGGCGGCGATGCTATCGCCCGCGGCGAAATTAAGTTCAGCGATCCGGTCACGCATTACTGGCCTGAACTGACTGGTAAGCAGTGGCAGGGTATCAGCCTGCTGCACTTAGCCACCTACACGGCAGGCGGCCTGCCGCTTCAGGTTCCGGACGACGTTACGGATAAAGCCGCGTTACTACGCTTTTATCAAAACTGGCAGCCGCAATGGGCCCCAGGCGCTAAACGTCTTTATGCTAACTCCAGCATTGGTCTGTTTGGTGCCCTGGCGGTCAAACCCTCAGGCATGAGCTACGAAGAGGCGATGACCAAACGCGTCCTGCGCCCCTTAAAACTGGCGCATACCTGGATTACGGTTCCGCAGAGCGAACAAAAAGATTATGCCTGGGGTTATCGCGAAGGAAAGCCAGTGCATGTATCCCCTGGCCAACTTGATGCCGAAGCCTACGGGGTGAAATCGAGCGTTATCGATATGACCCGTTGGGTTCAGGCCAACATGGACGCCAGCCAGGTTCAGGAGAAAACGCTCCAGCAGGGCATCGAGCTTGCGCAGTCACGTTACTGGCGTGTTGGCGATATGTACCAGGGCCTGGGCTGGGAGATGCTGAACTGGCCGGTGAAAGCCGACTCGATAATTAGCGGTAGCGACAGCAAAGTGGCACTGGCAGCGCTTCCTGCCGTTGAGGTAAACCCGCCCGCGCCTGCCGTGAAAGCCTCATGGGTGCATAAAACGGGCTCCACTGGCGGATTCGGCAGCTACGTTGCTTTCGTTCCAGAAAAAAACCTTGGCATCGTGATGCTGGCAAACAAGAGCTACCCAAACCCTGTTCGCGTCGAGGCCGCCTGGCGCATTCTTGAAAAACTGCAGTAA
39	gb|KJ207203|+|5-1151|ARO:3002095|CMY-82	ATGATGAAAAAATCGATATGCTGCGCGCTGCTGCTGACAGCTTCGTTCTCCACGTTTGCCGCCGCAAAAACAGAACAACAAATTGCCGATATCGTTAACCGCACCATCACACCGCTGATGCAGGAGCAGGCTATTCCGGGTATGGCCGTTGCGATTATCTATCAGGGGAAACCTTATTACTTTACCTGGGGTAAAGCCGATATCGCCAATAACCGTCCAGTCACTCAACAAACGCTGTTTGAACTCGGATCGGTCAGTAAAACGTTCAACGGCGTGCTGGGCGGCGATGCTATCGCCCGCGGCGAAATTAAGCTCAGCGATCCGGTCACGCATTACTGGCCTGAACTGACTGGTAAGCAGTGGCAGGGTATCAGCCTGCTGCACTTAGCCACCTACACGGCAGGCGGCCTGCCGCTTCAGGTTCCGGACGACGTTACGGATAAAGCCGCGTTACTACGCTTTTATCAAAACTGGCAGCCGCAATGGGCCCCAGGCGCTAAACGTCTTTATGCTAACTCCAGCATTGGTCTGTTTGGTGCCCTGGCGGTCAAACCCTCAGGCATGAGCTACGAAGAGGCGATGACCAAACGCGTCCTGCGCCCCTTAAAACTGGCGCATACCTGGATTACGGTTCCGCAGAGCGAACAAAAAGATTATGCCTGGGGTTATCGCGAAGGAAAGCCAGTGCATGTATCCCCTGGCCAACTTGATGCCGAAGCCTACGGGGTGAAATCGAGCGTTATCGATATGACCCGTTGGGTTCAGGCCAACATGGACGCCAGCCAGGTTCAGGAGAAAACGCTCCAGCAGGGCATCGAGCTTGCGCAGTCACGTTACTGGCGTATTGGCGATATGTACCAGGGCCTGGGCTGGGAGATGCTGAACTGGCCGGTGAAGGCCGACTCGATAATTAGCGGTAGCGACAGCAAAGTGGCACTGGCAGCGCTTCCTGCCGTTGAGGTAAACCCGCCCGCGCCTGCCGTGAAAGCCTCATGGGTGCATAAAACGGGCTCCACTGGCGGATTCGGCAGCTACGTTGCGTTCGTTCCAGAAAAAAACCTTGGCATCGTGATGCTGGCAAACAAGAGCTACCCAAACCCTGTTCGCGTCGAGGCCGCCTGGCGCATTCTTGAAAAACTGCAGTAA
40	gb|KU736867.1|+|19653-21573|ARO:3004442|tet(W/N/W)	ATGAAAATAATCAATATTGGAATTCTTGCCCATGTAGACGCTGGAAAGACGACCTTGACGGAGAGCCTGCTATATGCCAGCGGAGCCATTTCAGAACCGGGGAGCGTCGAAAAAGGGACAACGAGGACGGACACCATGTTTTTGGAGCGGCAGCGTGGGATTACCATTCAAGCGGCAGTCACTTCCTTCCAGTGGCACAGATGTAAAGTTAACATTGTGGATACGCCCGGCCACATGGATTTTTTGGCGGAGGTGTACCGCTCTTTGGCTGTTTTAGATGGGGCCATCTTGGTGATCTCCGCTAAAGATGGCGTGCAGGCCCAGACCCGTATTCTGTTCCATGCCCTGCGGAAAATGAACATTCCCACCGTTATCTTTATCAACAAGATCGACCAGGCTGGCGTTGATTTGCAGAGCGTATATCAGTCTGTTCGGGATAAGCTCTCCGCCGATATTATCATCAAGCAGACGGTGTCGCTGTCCCCGGAAATAGTCCTGGAGGAAAATACCGACATAGAAGCATGGGATGCGGTCATCGAAAATAACGATGAATTATTGGAAAAGTATATCGCAGGAGAACCAATCAGCCGGGAAAAACTTGCGCGGGAGGAACAGCAGCGGGTTCAAGACGCCTCCCTGTTCCCAGTCTATCATGGCAGCGCCAAAAATGGCCTTGGCATTCAACCGTTGATGGATGCGGTGACAGGGCTGTTCCAACCGATTGGGGAACAGGGGGGCGCCGCCCTATGCGGCAGCGTTTTCAAGGTGGAGTATACAGATTGCGGCCAGAGGCTTGTCTATCTGCGGCTATACAGCGGAACGCTGCGTCTGCGGGATACGGTGGCCCTAGCCGGGAGAGAAAAGCTGAAAATCACAGAGATGCGTATTCCATCCAAAGGGGAGATTGTTCGGACAGATACCGCCCATAAGGGCGAAATTGTCATCCTTCCCAGCGACAGCTTGAGATTAAACGATATATTGGGGGACAAAACCCAACTTCCTCGTGAAATGTGGAGTGATGTTCCCTTCCCTATGCTGCGGACGACGATTACGCCAAAAACGGCAGAGCAAAGAGACCGGTTGCTGGACGCTCTTACGCAAATTGCGGATACTGACCCGCTTTTGCACTACGAGGTGGATTCCATCACCCATGAGATCATTCTTTCTTTTTTGGGCCGGGTGCAGTTGGAGGTTGTTTCCGCTTTGCTGTCGGAAAAATACAAGCTTGAAACAGTGGTAAAGGAACCCACCGTCATTTATATGGAGCGGCCGCTCAAAGCAGCCAGCCACACCATCCATATCGAGGTGCCGCCCAACCCGTTTTGGGCATCCATCGGACTGTCTGTTACACCACTCCCGCTTGGCTCCGGTGTACAATACGAGAGCCGGGTTTCGCTGGGATACTTGAACCAGAGTTTTCAAAACGCTGTCAGGGATGGTATCCGTTACGGGCTGGAGCAGGGCTTGTTCGGCTGGAACGTAACGGACTGTAAGATTTGCTTTGAATACGGGCTTTATTACAGTCCGGTCAGCACGCCGGCGGACTTCCGCTCATTGGCCCCGATTGTATTGGAACAGGCATTGAAGGAATCAGGGACGCAACTGCTGGAACCTTATCTCTCCTTCACCCTCTATGCGCCCCGGGAATATCTTTCCAGGGCTTATCATGATGCACCGAAATACTGTGCCACCATCGAAACGGTCCAGGTAAAAAAGGATGAAGTTGTCTTTACTGGCGAGATTCCCGCCCGTTGCATACAGGCATACCGTACTGATTTGGCCTTTTACACCAACGGGCGGAGTGTGTGCCTGACGGAACTGAAAGGGTATCAGGCCACTGTCGGCGAGCCAATCATCCAGCCCCGTCGTCCAAACAGCCGTTTGGATAAGGTGCGCCATATGTTCAGTAAGATTCCTTGA
41	gb|L12710|+|0-549|ARO:3002556|AAC(6')-Ii	ATGATAATCAGTGAATTTGACCGTAATAATCCAGTATTGAAAGATCAGCTTTCTGATTTACTGAGACTGACTTGGCCGGAAGAATATGGAGACAGCTCGGCAGAAGAAGTAGAAGAAATGATGAATCCAGAACGAATCGCGGTAGCAGCGGTAGACCAAGATGAGTTAGTAGGATTTATTGGTGCAATCCCTCAATACGGTATCACAGGTTGGGAATTGCATCCATTAGTTGTAGAAAGCTCCCGACGAAAGAACCAAATAGGTACTCGATTAGTCAATTACTTAGAAAAAGAAGTAGCTTCCAGAGGAGGAATCACGATTTATTTAGGTACGGATGATTTAGACCATGGAACAACGTTAAGTCAAACGGACCTGTATGTGCATACATTTGATAAAGTGGCTTCCATCCAGAACCTTCGTGAACATCCGTATGAATTCTATGAAAAATTAGGTTATAAAATCGTAGGTGTCTTACCAAATGCAAATGGCTGGGACAAACCGGATATTTGGATGGCAAAAACGATTATTCCTCGACCAGATTCTCAATAA
42	gb|L42817|+|201-936|ARO:3000522|ErmG	ATGAACAAAGTAAATATAAAAGATAGTCAAAATTTTATTACTTCAAAATATCACATAGAAAAAATAATGAATTGCATAAGTTTAGATGAAAAAGATAACATCTTTGAAATAGGTGCAGGGAAAGGTCATTTTACTGCTGAATTGGTAAAGAGATGTAATTTTGTTACGGCGATAGAAATTGATTCTAAATTATGTGAGGTAACTCGTAATAAGCTCTTAAATTATCCTAACTATCAAATAGTAAATGATGATATACTGAAATTTACATTTCCTAGCCACAATCCATATAAAATATTTGGCAGCATACCTTACAACATAAGCACAAATATAATTCGAAAAATTGTTTTTGAAAGTTCAGCCACAATAAGTTATTTAATAGTGGAATATGGTTTTGCTAAAATGTTATTAGATACAAACAGATCACTAGCATTGCTGTTAATGGCAGAGGTAGATATTTCTATATTAGCAAAAATTCCTAGGTATTATTTCCATCCAAAACCTAAAGTGGATAGCACATTAATTGTATTAAAAAGAAAGCCAGCAAAAATGGCATTTAAAGAGAGAAAAAAATATGAAACTTTTGTAATGAAATGGGTTAACAAAGAGTACGAAAAACTGTTTACAAAAAATCAATTTAATAAAGCTTTAAAACATGCGAGAATATATGATATAAACAATATTAGTTTCGAACAATTTGTATCGCTATTTAATAGTTATAAAATATTTAACGGCTAA
43	gb|M36726.1|+|295-1150|ARO:3000596|ErmX	ATGTCTGCATACGGACAGGGCCGTCACGAGCATGGCCAAAATTTTCTCACCAACCACAAGATCATCAACTCCATCATCGACCTTGTGAAACAAACCTCCGGCCCCATCATTGAGATCGGACCAGGAAGCGGTGCCCTCACTCACCCGATGGCCCACTTGGGGAGGGCGATAACGGCAGTTGAAGTGGACGCAAAACTAGCTGCCAAAATCACACAAGAAACCTCCTCGGCGGCGGTCGAAGTGGTCCATGATGATTTCCTTAACTTCCGGTTACCCGCCACTCCCTGCGTCATTGTGGGAAACATTCCCTTTCACCTCACCACTGCCATTCTTCGAAAGTTGCTGCATGCGCCAGCATGGACTGACGCTGTACTCCTCATGCAGTGGGAAGTCGCTCGCCGCCGGGCCGGGGTAGGCGCAACGACGATGATGACGGCTCAGTGGTCCCCATGGTTCACATTTCACCTGGGTTCTCGGGTACCAAGGTCTGCTTTCCGGCCACAGCCAAACGTTGACGGGGGGATCTTAGTGATCCGCCGGGTGGGTGACCCGAAGATTCCGATAGAGCAGCGCAAAGCCTTTCAGGCGATGGTGCACACCGTTTTCACTGCCCGGGGACGCGGGATAGGGGAAATTCTCCGAAGGCAGGGTTGTTTTCATCACGTTCAGAAACATAATCATGGTTGCGCTCGCGAGGAATCGACCCCGCGACCCTACCTCCCAGATTGCTACACCAACGACTGGATCGATCTCTTCCAGGTGACTGGTTCCTCTCTACCTCACCATCGACCCATTTCACCATCGGGAAGTAGTCAACGACCTCCTCAACGGAAAAACCGAAGCCGGCGGCGTTAA
44	gb|NC_000964.3|-|604735-606379|ARO:3004476|vmlR	ATGAAAGAGATCGTAACATTAACAAACGTTAGCTATGAAGTAAAGGATCAAACTGTTTTTAAACATGTAAACGCCAGTGTTCAGCAAGGAGATATCATTGGGATTATCGGCAAAAACGGCGCTGGGAAATCTACGTTGCTGCACCTCATTCACAATGACTTAGCCCCTGCACAGGGTCAAATCCTTCGGAAGGATATAAAACTGGCTTTGGTTGAACAGGAAACCGCGGCGTATTCCTTTGCGGATCAGACACCTGCCGAAAAGAAGTTACTGGAGAAATGGCATGTGCCTCTTCGTGATTTTCATCAGTTAAGCGGCGGTGAAAAACTGAAAGCGCGGCTGGCGAAAGGACTATCAGAGGATGCAGATCTGCTGCTGTTAGATGAACCGACAAACCACCTTGATGAAAAAAGCTTGCAATTTCTCATCCAACAGCTGAAACATTATAACGGCACTGTGATTCTCGTTTCTCACGATCGATATTTTTTAGACGAAGCCGCAACAAAAATATGGTCGCTTGAGGATCAGACGCTGATTGAATTCAAAGGGAATTACTCCGGGTATATGAAGTTCCGGGAGAAGAAAAGACTCACCCAGCAGCGTGAATATGAAAAGCAGCAAAAAATGGTTGAACGGATTGAAGCACAAATGAATGGGCTCGCTTCTTGGTCGGAAAAAGCCCATGCTCAATCGACGAAAAAGGAAGGGTTTAAAGAATATCACCGGGTAAAAGCGAAGCGTACGGATGCCCAGATAAAATCCAAGCAGAAGCGGCTTGAAAAAGAGCTTGAAAAAGCAAAGGCGGAACCCGTTACCCCAGAATATACAGTCCGCTTTTCAATCGATACAACCCACAAAACAGGAAAACGTTTTTTAGAAGTTCAGAATGTAACAAAAGCGTTTGGAGAAAGGACTCTCTTTAAAAACGCAAACTTTACAATTCAGCACGGCGAAAAGGTTGCGATCATAGGCCCCAATGGCAGCGGAAAAACGACATTACTGAACATCATTCTGGGACAGGAAACAGCAGAAGGAAGTGTATGGGTGTCGCCGTCCGCAAACATCGGCTATTTAACGCAGGAGGTGTTTGATTTGCCTTTAGAACAAACACCGGAAGAGTTATTTGAGAATGAAACATTCAAAGCAAGGGGGCACGTTCAAAATCTGATGAGGCACTTAGGTTTTACAGCCGCCCAATGGACTGAACCGATCAAGCATATGAGTATGGGTGAGCGTGTAAAGATCAAGCTGATGGCATATATTCTGGAGGAAAAAGACGTGCTGATTTTAGATGAGCCGACAAACCATCTCGACCTGCCGTCACGCGAACAGCTGGAAGAAACACTGTCACAATACAGCGGCACATTGCTGGCGGTTTCACATGACCGATACTTTCTCGAAAAAACAACAAACAGTAAACTCGTCATCTCAAACAACGGCATCGAAAAGCAGTTAAACGACGTTCCTTCAGAAAGAAATGAGCGGGAGGAGCTTCGGTTAAAGCTTGAGACAGAAAGACAAGAAGTGCTGGGAAAGCTCAGTTTTATGACGCCAAATGATAAAGGGTATAAGGAGCTTGATCAGGCTTTCAATGAGCTTACGAAACGAATAAAAGAGCTGGATCATCAAGACAAAAAAGACTGA
45	gb|U00096.3|-|3203309-3204131|ARO:3002986|bacA	ATGAGCGATATGCACTCGCTGCTGATAGCGGCAATATTGGGTGTGGTCGAAGGATTGACAGAATTTCTGCCGGTATCCAGCACGGGCCATATGATTATTGTCGGTCACTTGTTGGGGTTTGAGGGCGACACGGCGAAAACCTTTGAAGTTGTGATCCAGTTAGGATCAATTCTGGCGGTAGTAGTGATGTTCTGGCGGCGTCTGTTTGGCCTGATTGGCATCCACTTTGGCCGCCCGTTGCAGCACGAAGGTGAAAGCAAAGGTCGTTTAACGCTGATCCACATTTTGCTGGGGATGATTCCGGCGGTGGTATTGGGGCTGTTGTTCCACGACACGATTAAGTCATTGTTTAACCCGATAAATGTGATGTATGCGCTGGTCGTTGGCGGTTTGTTGCTGATTGCCGCCGAATGCCTGAAGCCGAAAGAGCCGCGTGCGCCGGGTCTTGATGATATGACCTATCGTCAGGCATTTATGATTGGCTGTTTCCAGTGTCTGGCGCTGTGGCCGGGTTTCTCCCGTTCCGGGGCGACCATTTCAGGTGGGATGCTGATGGGGGTGAGCCGTTACGCTGCTTCCGAGTTTTCGTTCCTGCTGGCGGTGCCGATGATGATGGGCGCAACGGCGCTCGATCTCTACAAAAGCTGGGGCTTCCTGACAAGCGGCGATATCCCGATGTTTGCCGTTGGGTTTATCACCGCTTTTGTGGTGGCGCTGATAGCGATTAAAACCTTCCTGCAATTGATTAAGCGCATTTCGTTTATCCCGTTCGCCATTTATCGCTTTATTGTGGCGGCTGCGGTGTATGTCGTGTTCTTTTAA
46	gb|U00096.3|-|4377810-4378944|ARO:3004290|Escherichia_coli_ampC	ATGTTCAAAACGACGCTCTGCGCCTTATTAATTACCGCCTCTTGCTCCACATTTGCTGCCCCTCAACAAATCAACGATATTGTGCATCGCACAATTACCCCGCTTATAGAGCAACAAAAGATCCCGGGTATGGCGGTGGCGGTAATTTATCAGGGTAAACCTTATTACTTTACCTGGGGCTATGCGGACATCGCCAAAAAGCAGCCCGTCACACAGCAAACGTTGTTTGAGTTAGGTTCGGTCAGCAAAACATTTACTGGCGTGCTTGGTGGCGACGCTATTGCTCGAGGGGAAATCAAGTTAAGCGATCCCACAACAAAATACTGGCCTGAACTTACCGCTAAACAGTGGAATGGGATCACACTATTACATCTCGCAACCTACACTGCTGGCGGCCTGCCATTGCAGGTGCCGGATGAGGTGAAATCCTCAAGCGACTTGCTGCGCTTCTATCAAAACTGGCAGCCTGCATGGGCTCCAGGAACACAACGTCTGTATGCCAACTCCAGTATCGGTTTGTTCGGCGCACTGGCTGTGAAGCCGTCTGGTTTGAGTTTTGAGCAGGCGATGCAAACTCGTGTCTTCCAGCCACTCAAACTCAACCATACGTGGATTAATGTACCGCCCGCAGAAGAAAAGAATTACGCCTGGGGATATCGCGAAGGTAAGGCAGTGCATGTTTCGCCTGGGGCGTTAGATGCTGAAGCTTATGGTGTGAAGTCGACCATTGAAGATATGGCCCGCTGGGTGCAAAGCAATTTAAAACCCCTTGATATCAATGAGAAAACGCTTCAACAAGGGATACAACTGGCACAATCTCGCTACTGGCAAACCGGCGATATGTATCAGGGCCTGGGCTGGGAAATGCTGGACTGGCCGGTAAATCCTGACAGCATCATTAACGGCAGTGACAATAAAATTGCACTGGCAGCACGCCCCGTAAAAGCGATTACGCCCCCAACTCCTGCAGTACGCGCATCATGGGTACATAAAACAGGGGCGACCGGCGGATTTGGTAGCTATGTCGCGTTTATTCCAGAAAAAGAGCTGGGTATCGTGATGCTGGCAAACAAAAACTATCCCAATCCAGCGAGAGTCGACGCCGCCTGGCAGATTCTTAACGCTCTACAGTAA
47	gb|U00096.3|-|721055-721733|ARO:3003841|kdpE	GTGACAAACGTTCTGATTGTTGAAGATGAACAGGCTATTCGTCGCTTTCTGCGCACGGCGCTGGAGGGCGACGGGATGCGCGTCTTTGAGGCCGAAACGCTGCAACGCGGCTTGCTGGAAGCGGCAACCCGTAAGCCAGATTTGATTATTCTCGATCTCGGCCTGCCCGATGGTGATGGGATTGAGTTTATCCGCGACCTGCGCCAGTGGAGCGCGGTGCCGGTGATTGTGCTTTCCGCACGCAGCGAAGAGAGCGACAAAATCGCCGCGCTGGATGCCGGAGCGGATGATTATCTGAGTAAGCCGTTTGGCATTGGCGAATTGCAGGCCCGTCTGCGCGTCGCATTACGCCGCCACTCTGCCACCACCGCGCCCGATCCGCTGGTAAAATTTTCCGATGTTACCGTCGATTTAGCCGCCCGCGTGATTCACCGGGGTGAGGAAGAGGTGCATCTCACACCAATTGAGTTCCGCCTGCTGGCGGTGCTGCTCAACAATGCCGGAAAAGTACTCACCCAGCGCCAGCTCCTTAACCAGGTGTGGGGGCCAAACGCGGTCGAACACAGTCACTATTTGCGTATTTATATGGGACATCTGCGACAAAAACTGGAACAGGATCCCGCCCGCCCACGCCATTTCATTACTGAAACCGGTATTGGCTATCGGTTTATGCTTTGA
48	gb|U00096|+|2367070-2368039|ARO:3003578|pmrF	ATGTTTGAAATCCACCCTGTTAAGAAAGTCTCGGTGGTTATTCCCGTTTATAACGAGCAGGAAAGCTTACCGGAATTAATCAGGCGCACCACCACAGCCTGTGAATCGTTGGGGAAAGAGTATGAGATCCTGCTGATTGATGACGGCAGTAGCGATAATTCCGCGCATATGCTGGTCGAAGCCTCACAAGCGGAGAACAGCCATATTGTGTCTATTTTGCTTAACCGCAATTACGGGCAACATTCAGCGATTATGGCGGGATTCAGTCACGTTACTGGCGACTTAATTATTACCCTTGATGCCGATCTCCAGAATCCGCCAGAAGAAATCCCCCGCCTGGTGGCAAAAGCCGATGAAGGTTACGACGTGGTAGGGACTGTACGCCAGAACCGCCAGGACAGCTGGTTTCGTAAAACCGCTTCGAAGATGATTAACCGGCTTATTCAGCGCACCACTGGCAAAGCGATGGGTGATTACGGTTGTATGCTGCGCGCCTATCGCCGTCATATTGTCGATGCGATGTTGCACTGCCATGAACGCAGCACCTTTATCCCGATTCTGGCGAATATCTTCGCCCGCCGTGCCATTGAAATTCCAGTACATCATGCCGAGCGTGAGTTTGGTGAATCCAAATACAGTTTTATGCGCCTGATTAATTTGATGTACGACCTGGTGACCTGCCTTACCACAACGCCGCTACGTATGCTGAGTCTGCTCGGCAGCATTATTGCGATTGGAGGTTTTAGCATTGCGGTGCTGCTGGTGATTTTACGCCTGACCTTCGGACCACAATGGGCGGCAGAAGGCGTCTTTATGCTATTTGCCGTGCTGTTTACTTTTATTGGCGCTCAGTTTATCGGCATGGGATTACTCGGTGAATATATCGGCAGGATCTACACCGATGTCCGCGCCCGCCCCCGCTATTTTGTTCAGCAAGTTATCCGTCCATCCAGCAAGGAAAATGAATAA
49	gb|U00096|-|2098446-2099613|ARO:3003577|ugd	ATGAAAATCACCATTTCCGGTACTGGCTATGTAGGCTTGTCAAACGGGCTTCTAATCGCACAAAATCATGAGGTTGTGGCATTAGATATTTTACCGTCACGCGTTGCTATGCTGAATGATCGGATATCTCCTATTGTTGATAAGGAAATTCAGCAGTTTTTGCAATCAGATAAAATACACTTTAATGCCACATTAGATAAAAATGAAGCCTACCGGGATGCTGATTATGTCATCATCGCCACTCCAACCGACTATGATCCTAAAACTAATTATTTCAATACATCCAGTGTAGAATCAGTAATTAAAGACGTAGTTGAGATAAATCCTTATGCGGTTATGGTCATCAAATCAACGGTTCCCGTTGGTTTTACCGCAGCGATGCATAAGAAATATCGCACTGAAAATATTATATTCTCCCCGGAATTTCTCCGTGAGGGTAAAGCCCTTTACGATAATCTCCATCCTTCACGTATTGTCATCGGTGAGCGTTCAGAACGCGCAGAACGTTTCGCTGCTCTGTTACAGGAAGGCGCGATTAAGCAAAATATCCCGATGCTGTTTACCGACTCCACTGAAGCAGAAGCGATTAAACTTTTTGCAAACACCTACCTGGCGATGCGCGTGGCGTACTTTAACGAACTGGATAGCTATGCAGAAAGTTTAGGTCTGAATTCCCGTCAAATAATCGAAGGCGTTTGTCTCGACCCACGTATTGGCAACCATTACAACAATCCGTCGTTTGGTTATGGTGGTTATTGTCTGCCGAAAGATACCAAGCAGTTACTGGCGAACTACCAGTCTGTGCCGAATAACCTGATCTCGGCAATTGTCGATGCTAACCGCACGCGTAAAGATTTTATTGCCGATGCCATTTTGTCACGCAAGCCGCAAGTGGTGGGTATTTATCGTCTGATTATGAAGAGCGGTTCAGATAACTTCCGTGCGTCTTCTATTCAGGGGATTATGAAACGTATCAAGGCGAAAGGTGTTGAAGTGATCATCTACGAGCCAGTGATGAAAGAAGACTCATTCTTCAACTCTCGCCTGGAACGTGATCTCGCCACCTTCAAACAACAAGCCGACGTCATTATCTCTAACCGAATGGCAGAAGAGCTTAAGGATGTGGCAGATAAGGTATACACCCGCGATCTCTTTGGCAGCGACTAA
50	gb|U38243|+|149-1115|ARO:3003001|CfxA	ATGGAAAAAAACAGAAAAAAACAAATCGTAGTTTTGAGTATAGCTTTAGTTTGCATTTTCATCTTGGTATTTTCATTGTTCCATAAATCAGCGACAAAAGATAGCGCAAATCCTCCTTTAACAAATGTTTTGACTGATAGCATTTCTCAAATTGTCTCAGCTTGTCCTGGCGAAATTGGTGTGGCGGTTATTGTTAATAACAGAGATACGGTTAAGGTCAATAATAAGAGTGTTTATCCTATGATGAGTGTGTTTAAGGTTCATCAGGCATTAGCTCTTTGTAATGACTTTGACAATAAAGGAATTTCACTTGATACCTTAGTAAATATAAATAGGGATAAACTTGACCCAAAGACTTGGAGTCCTATGCTGAAAGATTATTCAGGGCCAGTCATATCATTGACAGTGAGAGATTTGCTGCGTTATACTCTTACTCAGAGTGACAACAATGCAAGCAACCTTATGTTTAAGGATATGGTTAATGTCGCTCAAACAGATAGTTTTATAGCCACACTCATTCCTCGTTCAAGTTTTCAGATAGCTTATACGGAAGAGGAAATGTCGGCTGACCATAACAAGGCTTACTCTAACTATACATCTCCTCTTGGTGCTGCAATGTTGATGAATCGTTTGTTTACTGAAGGTCTTATCGATGATGAGAAACAAAGTTTCATTAAGAATACGTTAAAAGAATGCAAAACAGGTGTAGATAGGATAGCAGCTCCACTTCTTGATAAAGAAGGGGTTGTTATAGCGCATAAGACAGGTTCAGGTTATGTTAATGAAAATGGTGTTCTTGCAGCTCACAATGATGTTGCCTATATATGTCTGCCTAATAATATCAGTTATACCTTAGCGGTATTTGTTAAGGATTTCAAGGGAAATAAATCACAAGCGTCACAATATGTTGCGCATATATCAGCTGTAGTATATTCTTTATTAATGCAAACTTCAGTAAAATCTTAA
51	gb|U60294|+|0-765|ARO:3003099|cphA2	ATGATGAAAGGTTGGATGAAGTGTGGATTGGCCGGGGCCGTGGTGCTGATGGCGAGTTTCTGGGGTGGCAGCGTGCGGGCGGCGGGGATGTCGCTGACGCAGGTGAGCGGCCCTGTCTATGTGGTAGAGGACAATTACTACGTGCAGGAAAACTCCATGGTCTATTTCGGGGCCAAGGGAGTGACTGTTGTAGGGGCGACCTGGACGCCGGATACCGCCCGCGAGCTGCACAAGCTGATCAAACGAGTCAGCCGCCAGCCGGTGCTGGAGGTGATCAACACCAACTACCACACCGACCGGGCGGGCGGTAACGCCTACTGGAAGTCCATCGGGGCCAAGGTGGTATCGACCCGCCAGACCCGGGATCTGATGAAGAGCGACTGGGCCGAGATTGTTGCCTTTACCCGCAAGGGGTTGCCGGAGTACCCGGATCTGCCCCTGGTGCTGCCCAACGTGGTGCACGAGGGCGACTTCACGCTGCAAGAGGGCAAGCTGCGCGCCTTCTATGCGGGCCCGGCCCACACGCCGGATGGCATCTTTGTCTACTTCCCCGACCAGCAGGTGCTCTATGGCAACTGCATCCTCAAGGAGAAGCTGGGCAACCTGAGCTTTGCCGATGTGAAGGCCTATCCGCGCACGCTTGAGCGGCTCAAGGCGATGAAGCTGCCAATCAAGACGGTGGTGGGCGGTCACGACTCGCCGCTGCATGGGCCTGAGCTTATCGATCACTACGAGGCGCTGATCAAGGCCGCACCCCAGTCATAA
52	gb|X02340.1|+|222-1194|ARO:3004089|ANT(3'')-IIa	GTGGTAACGGCGCAGTGGCGGTTTTCATGGCTTCTTGTTATGACATGTTTTTTTGGGGTACAGTCTATGCCTCGGGCATCCAAGCAGCAAGCGCGTTACGCCGTGGGTCGATGTTTGATGTTATGGAGCAGCAACGATGTTACGCAGCAGGGCAGTCGCCCTAAAACAAAGTTAAACATCATGAGGGAAGCGGTGATCGCCGAAGTATCGACTCAACTATCAGAGGTAGTTGGCGTCATCGAGCGCCATCTCGAACCGACGTTGCTGGCCGTACATTTGTACGGCTCCGCAGTGGATGGCGGCCTGAAGCCACACAGTGATATTGATTTGCTGGTTACGGTGACCGTAAGGCTTGATGAAACAACGCGGCGAGCTTTGATCAACGACCTTTTGGAAACTTCGGCTTCCCCTGGAGAGAGCGAGATTCTCCGCGCTGTAGAAGTCACCATTGTTGTGCACGACGACATCATTCCGTGGCGTTATCCAGCTAAGCGCGAACTGCAATTTGGAGAATGGCAGCGCAATGACATTCTTGCAGGTATCTTCGAGCCAGCCACGATCGACATTGATCTGGCTATCTTGCTGACAAAAGCAAGAGAACATAGCGTTGCCTTGGTAGGTCCAGCGGCGGAGGAACTCTTTGATCCGGTTCCTGAACAGGATCTATTTGAGGCGCTAAATGAAACCTTAACGCTATGGAACTCGCCGCCCGACTGGGCTGGCGATGAGCGAAATGTAGTGCTTACGTTGTCCCGCATTTGGTACAGCGCAGTAACCGGCAAAATCGCGCCGAAGGATGTCGCTGCCGACTGGGCAATGGAGCGCCTGCCGGCCCAGTATCAGCCCGTCATACTTGAAGCTAGACAGGCTTATCTTGGACAAGAAGAAGATCGCTTGGCCTCGCGCGCAGATCAGTTGGAAGAATTTGTCCACTACGTGAAAGGCGAGATCACCAAGGTAGTCGGCAAATAA
53	gb|X06599|+|272-1193|ARO:3002877|BcI	TTGAAAAATAAGAGGATGCTAAAAATAGGAATATGCGTTGGTATATTAGGTTTAAGTATTACAAGCCTAGAAGCTTTTACAGGAGAGTCACTGCAAGTTGAAGCGAAAGAAAAGACTGGACAAGTGAAACACAAAAATCAGGCAACGCATAAAGAGTTCTCTCAACTTGAGAAAAAATTTGATGCTCGATTAGGTGTATATGCGATTGATACTGGTACAAATCAAACAATCTCTTATCGACCTAACGAAAGATTTGCCTTCGCATCAACATACAAGGCTTTAGCCGCGGGAGTATTACTACAGCAAAACTCAATTGATTCATTAAATGAAGTAATCACATATACGAAAGAAGACTTAGTGGATTATTCACCTGTTACAGAGAAACATGTAGATACTGGAATGAAACTAGGAGAAATTGCAGAGGCAGCTGTTCGTTCAAGTGATAATACTGCAGGGAACATTTTATTTAATAAAATAGGAGGACCGAAAGGATATGAAAAAGCGCTTAGGCATATGGGGGATCGGATTACTATGTCTAATCGCTTTGAAACAGAATTAAACGAAGCTATTCCAGGAGACATTCGTGACACTAGTACAGCGAAAGCTATTGCTACGAATCTTAAAGCTTTTACGGTCGGAAATGCACTTCCAGCTGAAAAACGTAAAATTCTTACAGAGTGGATGAAAGGAAATGCTACAGGGGACAAACTTATTCGTGCAGGCATACCAACTGACTGGGTAGTTGGAGATAAATCAGGTGCTGGTAGTTACGGGACAAGAAATGATATTGCTGTCGTTTGGCCTCCAAATAGAGCACCAATTATCATCGCAATTTTATCTAGTAAAGATGAGAAAGAGGCAATCTATGATAATCAACTCATTGCAGAGGCAACTAAAGTTATAGTTAAGGCTCTTAGGTAA
