gb|AE006468.2|+|1707351-1707789|ARO:3002571|AAC(6')-Iaa [Salmonella enterica subsp. enterica serovar Typhimurium str. LT2] 	0	383	3686	4068	438	118828-	382	ATGGACATCAGGCAAATGAACAGAACCCATCTGGATCACTGGCGCGGATTGCGAAAACAGCTCTGGCCCGGTCACCCGGATGACGCCCATCTGGCAGACGGCGAAGAAATCCTGCAAGCCGATCATTTGGCATCATTTGTTGCGATGGCAGACGGGGTGCGATTGGCTTTGCGGATGCCTCAATCCGCCACGATTATGTCAATGGCTGTGACAGTTCGCCCGTGGCTTTTCTTGAAGGTATTTTTGTTCTCCCCTCGTTCCGTCAACGCGGCGTAGCGAAACAATTGATTGCAGCGGTGCAACGATGGGGAACGAATAAAGGGTGTCGGGAAATGGCCTCTGATACCACGCCGGAAAATACAATTTCCCAGAAAGTTCACCT
gb|L12710|+|0-549|ARO:3002556|AAC(6')-Ii [Enterococcus faecium] 	220	475	0	255	549	28611963-	255	ATCCATTAGTTGTAGAAAGCTCCCGACGAAAGAACCAAATAGGTACTCGATTAGTCAATTACTTAGAAAAAGAAGTAGCTTCCAGAGGAGGAATCACGATTTATTTAGGTACGGATGATTTAGACCATGTAACAACGTTAAGTCAAACGGACCTGTATGTGCATACATTTGATAAAGTGGCTTCCATCCAGAACCTTCGTGAACATCCGTATGAATTCTATGAAAAATTAGGTTATAAAATCGGAGGTGTCTTAC
gb|AF144880|+|3541-3979|ARO:3002569|AAC(6')-Iy [Salmonella enterica subsp. enterica serovar Enteritidis] 	0	383	3686	4068	438	118828-	382	ATGGACATCAGGCAAATGAACAGAACCCATCTGGATCACTGGCGCGGATTGCGAAAACAGCTCTGGCCCGGTCACCCGGATGACGCCCATCTGGCAGACGGCGAAGAAATCCTGCAAGCCGATCATTTGGCATCATTTGTTGCGATGGCAGACGGGGTGCGATTGGCTTTGCGGATGCCTCAATCCGCCACGATTATGTCAATGGCTGTGACAGTTCGCCCGTGGCTTTTCTTGAAGGTATTTTTGTTCTCCCCTCGTTCCGTCAACGCGGCGTAGCGAAACAATTGATTGCAGCGGTGCAACGATGGGGAACGAATAAAGGGTGTCGGGAAATGGCCTCTGATACCACGCCGGAAAATACAATTTCCCAGAAAGTTCACCT
gb|KU736867.1|+|19653-21573|ARO:3004442|tet(W/N/W) [uncultured bacterium IN-02] 	0	1858	564	2422	1920	136860+	1858	ATGAAAATAATCAATATTGGAATTCTTGCCCATGTAGACGCTGGAAAGACGACCTTGACGGAGAGCCTGCTATATGCCAGCGGAGCCATTTCAGAACCGGGGAGCGTCGAAAAAGGGACAACGAGGACGGACACCATGTTTTTGGAGCGGCAGCGTGGGATTACCATTCAAGCGGCAGTCACTTCCTTCCAGTGGCACAGATGTAAAGTCAACATTGTGGATACGCCCGGCCACATGGATTTTTTGGCGGAGGTGTACCGCTCTTTGGCTGTTTTAGATGGGGCCATCTTGGTGATCTCCGCTAAAGATGGCGTGCAGGCCCAGACCCGTATTCTGTTCCATGCCCTGCGGAAAATGAACATTCCCACCGTTATCTTTATCAACAAGATCGACCAGGCTGGCGTTGATTTGCAGAGCGTGGTTCAGTCTGTTCGGGATAAGCTCTCCGCCGATATTATCATCAAGCAGACGGTGTCGCTGTCCCCGGAAATAGTCCTGGAGGAAAATACCGACATAGAAGCATGGGATGCGGTCATCGAAAATAACGATGAATTATTGGAAAAGTATATCGCAGGAGAACCAATCAGCCGGGAAAAACTTGCGCGGGAGGAACAGCAGCGGGTTCAAGACGCCTCCCTGTTCCCAGTCTATCATGGCAGCGCCAAAAATGGCCTTGGCATTCAACCGTTGATGGATGCGGTGACAGGGCTGTTCCAACCGATTGGGGAACAGGGGAGCGCCGCCCTATGCGGCAGCGTTTTCAAGGTGGAGTATACAGATTGCGGCCAGCGGCGTGTCTATCTACGGCTATACAGCGGAACGCTGCGCCTGCGGGATACGGTGGCCCTGGCCGGGAGAGAAAAGCTGAAAATCACAGAGATGCGTATTCCATCCAAAGGGGAAATTGTTCGGACAGACACCGCTTATCCGGGTGAAATTGTTATCCTTCCCAGCGACAGCGTGAGGTTAAACGATGTATTAGGGGACCCAACCCGGCTCCCTCGTAAAAGGTGGCGTGAGGACCCCCTCCCCATGCTGCGGACGTCGATTGCGCCGAAAACGGCAGCGCAAAGAGAACGGCTGCTGGACGCTCTTACGCAACTTGCGGATACTGACCCGCTTTTGCGCTGCGAGGTGGATTCCATCACCCATGAGATCATTCTTTCTTTTTTGGGCCGGGTGCAGTTGGAGGTTGTTTCCGCTTTGCTGTCGGAAAAATACAAGCTTGAAACAGTGGTAAAGGAACCCACCGTCATTTATATGGAGCGGCCGCTCAAAGCAGCCAGCCACACCATCCATATCGAGGTGCCGCCCAACCCGTTTTGGGCATCCATCGGACTGTCTGTTACACCACTCCCGCTTGGCTCCGGTGTACAATACGAGAGCCGGGTTTCGCTGGGATACTTGAACCAGAGTTTTCAAAACGCTGTCAGGGATGGTATCCGTTACGGGCTGGAGCAGGGCTTGTTCGGCTGGAACGTAACGGACTGTAAGATTTGCTTTGAATACGGGCTTTATTACAGTCCGGTCAGCACGCCGGCGGACTTCCGCTCATTGGCCCCGATTGTATTGGAACAGGCATTGAAGGAATCGGGGACGCAGCTGCTGGAACCTTATCTCTCCTTCATCCTCTATGCGCCCCAGGAATACCTTTCCAGGGCTTATCATGATGCACCGAAATACTGTGCCACCATCGAAACGGCCCAGGTAAAAAAGGATGAAGTTGTCTTTACTGGCGAGATTCCCGCCCGCTGTATACAGGCATACCGTACTGATCTGGCCTTTTACACCAACGGGCAGAGCGTATGCCTTACAGAACTGAAAGGGTATCAGGCCGCTGTCGGCAAGCCAGTCATCC
gb|AL009126.3|-|339155-339749|ARO:3003059|tmrB [Bacillus subtilis subsp. subtilis str. 168] 	0	539	46386	46925	594	2066834-	539	ATGATCATTTGGATAAACGGGGCATTCGGTTCCGGAAAAACACAAACAGCCTTCGAACTGCACAGAAGGCTGAACCCATCTTACGTGTATGATCCCGAGAAATTGGGTTTTGCGCTGCGCTCCATGGTGCCGCAGGAGATCGCAAAGGACGATTTTCAAAGCTATCCTTTATGGCGGGCGTTCAATTACAGTTTGCTAGCTTCTCTGACAGATACATACCGCGGCATCATTATTGTGCCTATGACGATTGTACATCCTGAATACTTCAATGAGATCATCGGCAGGCTCAGACAGGAAGGCAGGATCGTTCACCACTTTACACTAATGGCTTCAAAGGAAACCTTGTTAAAAAGGCTGCGCACCAGAGCAGAAGGAAAAAACTCATGGGCCGCCAAACAAATTGACCGCTGCGTTGAAGGTTTATCATCACCCATTTTTGAGGACCACATTCAAACAGATAACCTGTCGATTCAGGATGTGGCAGAGAACATTGCCGCGAGAGCCGAACTCCCATTAGATCCTGATACAAGAGGCAGCCT
gb|X02340.1|+|222-1194|ARO:3004089|ANT(3'')-IIa [Escherichia coli] 	0	884	377	1257	972	28874510+	880	GTGGTAACGGCGCAGTGGCGGTTTTCATGGCTTGTTATGACTGTTTTTTTGGGGTACAGTCTATGCCTCGGGCATCCAAGCAGCAAGCGCGTTACGCCGTGGGTCGATGTTTGATGTTATGGAGCAGCAACGATGTTACGCAGCAGGGCAGTCGCCCTAAAACAAAGTTAAACATCATGAGGGAAGCGGTGATCGCCGAAGTATCGACTCAACTATCAGAGGTAGTTGGCGTCATCGAGCGCCATCTCGAACCGACGTTGCTGGCCGTACATTTGTACGGCTCCGCAGTGGATGGCGGCCTGAAGCCACACAGTGATATTGATTTGCTGGTTACGGTGACCGTAAGGCTTGATGAAACAACGCGGCGAGCTTTGATCAACGACCTTTTGGAAACTTCGGCTTCCCCTGGAGAGAGCGAGATTCTCCGCGCTGTAGAAGTCACCATTGTTGTGCACGACGACATCATTCCGTGGCGTTATCCAGCTAAGCGCGAACTGCAATTTGGAGAATGGCAGCGCAATGACATTCTTGCAGGTATCTTCGAGCCAGCGACGATCGACATTGATCTGGCTATCTTGCTGACAAAAGCAAGAGAACATAGCGTTGCCTTGGTAGGTCCAGCGGCGGAGGAACTCTTTGATCCGGTTCCTGAACAGGATCTATTTGAGGCGCTAAATGAAACCTTAACGCTATGGAACTCGCCGCCCGACTGGGCTGGCGATGAGCGAAATGTAGTGCTTACGTTGTCCCGCATTTGGTACAGCGCAGTAACCGGCAAAATCGCGCCGAAGGATGTCGCTGCCGACTGGGCAATGGAGCGCCTGCCGGCCCAGTATCAGCCCGTCATACTTGAAGCTAGACAGGCTTATCTTGGACAAGA
gb|AF313472|+|15593-16397|ARO:3002639|APH(3'')-Ib [Pseudomonas aeruginosa] 	0	749	1325	2074	804	2007548+	749	TTGAATCGAACTAATATTTTTTTTGGTGAATCGCATTCTGACTGGTTGCCTGTCAGAGGCGGAGAATCTGGTGATTTTGTTTTTCGACGTGGTGACGGGCATGCCTTCGCGAAAATCGCACCTGCTTCCCGCCGCGGTGAGCTCGCTGGAGAGCGTGACCGCCTCATTTGGCTCAAAGGTCGAGGTGTGGCTTGCCCCGAGGTGATCAACTGGCAGGAGGAACAGGAGGGTGCATGCTTGGTGATAACGGCAATTCCGGGAGTACCGGCGGCTGATCTGTCTGGAGCGGATTTGCTCAAAGCGTGGCCGTCAATGGGGCAGCAACTTGGCGCTGTTCACAGCCTATCGGTTGATCAATGTCCGTTTGAGCGCAGGCTGTCGCGAATGTTCGGACGCGCCGTTGATGTGGTGTCCCGCAATGCCGTCAATCCCGACTTCTTACCGGACGAGGACAAGAGTACGCCGCAGCTCGATCTTTTGGCTCGTGTCGAACGAGAGCTACCGGTGCGGCTCGACCAAGAGCGCACCGATATGGTTGTTTGCCATGGTGATCCCTGCATGCCGAACTTCATGGTGGACCCTAAAACTCTTCAATGCACGGGTCTGATCGACCTTGGGCGGCTCGGAACAGCAGATCGCTATGCCGATTTGGCACTCATGATTGCTAACGCCGAAGAGAACTGGGCAGCGCCAGATGAAGCAGAGCGCGCCTTCGCTGTCCTATTCAATGTATTGGGGATCGAAGCCCC
gb|AF024602|+|3155-3992|ARO:3002660|APH(6)-Id [Pseudomonas aeruginosa] 	0	782	2128	2910	837	2007548+	782	ATGTTCATGCCGCCTGTTTTTCCTGCTCATTGGCACGTTTCGCAACCTGTTCTCATTGCGGACACCTTTTCCAGCCTCGTTTGGAAAGTTTCATTGCCAGACGGGACTCCTGCAATCGTCAAGGGATTGAAACCTATAGAAGACATTGCTGATGAACTGCGCGGGGCCGACTATCTGGTATGGCGCAATGGGAGGGGAGCAGTCCGGTTGCTCGGTCGTGAGAACAATCTGATGTTGCTCGAATATGCCGGGGAGCGAATGCTCTCTCACATCGTTGCCGAGCACGGCGACTACCAGGCGACCGAAATTGCAGCGGAACTAATGGCGAAGCTGTATGCCGCATCTGAGGAACCCCTGCCTTCTGCCCTTCTCCCGATCCGGGATCGCTTTGCAGCTTTGTTTCAGCGGGCGCGCGATGATCAAAACGCAGGTTGTCAAACTGACTACGTCCACACGGCGATTATAGCCGATCAAATGATGAGCAATGCCTCGGAACTGCGTGGGCTACATGGCGATCTGCATCATGAAAACATCATGTTCTCCAGTCGCGGCTGGCTGGTGATAGATCCCGTCGGTCTGGTCGGTGAAGTGGGCTTTGGCGCCGCCAATATGTTCTACGATCCGGCTGACAGAGACGACCTTTGTCTCGATCCTAGACGCATTGCACAGATGGCGGACGCATTCTCTCGTGCGCTGGACGTCGATCCGCGTCGCCTGCTCGACCAGGCGTACGCTTATGGGTGCCTTTCCGCAGCTTGGAACGCGGATGGAGAAGAGGAGCA
gb|U00096|-|2098446-2099613|ARO:3003577|ugd [Escherichia coli str. K-12 substr. MG1655] 	0	1112	522	677	1167	827680+,120721+	435,677	ATGAAAATCACCATTTCCGGTACTGGCTATGTCGGCTTGTCAAACGGGCTTCTAATCGCACAAAATCATGAGGTTGTGGCATTAGATATTTTACCGTCACGCGTTGCTATGCTGAATGATCGGATATCTCCTATTGTTGATAAGGAAATTCAGCAGTTTTTGCAATCAGATAAAATACACTTTAATGCCACATTAGATAAAAATGAAGCCTATCGGGATGCTGATTACGTCATCATCGCCACTCCAACCGACTATGATCCTAAAACTAATTATTTCAATACATCGAGTGTAGAATCAGTAATTAAAGACGTAGTTGAGATAAATCCTTATGCGGTTATGGTGATCAAATCAACGGTTCCCGTTGGTTTTACCGCAGCGATGCATAAGAAATATCGCACTGAAAATATTATATTCTCCCCGGAATTTCTCCGTGAGGGTAAAGCCCTTTACGATAATCTCCATCCTTCACGTATTGTCATCGGTGAGCGTTCAGAACGCGCAGAACGTTTTGCTGCTCTGTTACAGGAAGGAGCGATTAAGCAAAATATCCCGACCCTGTTTACCGACTCCACTGAAGCAGAAGCGATTAAACTTTTTGCAAACACCTACCTGGCGATGCGCGTGGCGTACTTTAACGAACTGGATAGCTATGCAGAAAGTTTAGGTCTGAATTCCCGTCAAATAATCGAAGGCGTTTGTCTCGACCCACGTATTGGCAACCATTACAACAATCCGTCGTTTGGTTATGGTGGTTATTGTCTGCCGAAAGATACCAAGCAGTTACTGGCGAACTACCAGACTGTGCCGAATAACCTGATTTCGGCAATTGTCGATGCAAACCGCACGCGTAAAGATTTTATTGCCGATGCCATTTTGTCACGCAAGCCGCAAGTGGTGGGTATTTATCGTCTGATTATGAAGAGCGGTTCAGACAACTTCCGCGCGTCTTCCATTCAGGGGATTATGAAACGTATCAAGGCGAAAGGCGTTGAAGTGATCATTTACGAGCCGGTGATGAAAGAAGACTCATTCTTCAACTCTCGCCTGGAACGTGATCTCGCCACTTTCAAACAACAAGCCGATGTCATTATTTCCAACCGTATGGCAGAAGA
gb|AB765395|+|0-1143|ARO:3002993|AQU-1 [Aeromonas dhakensis] 	0	1088	24878	25966	1143	2079546-	1088	ATGAAGCAAACCTCACCCTTGTCGTTGCTGGCGCTGAGCGCCCTGCTGCTGTCGCCCCTCACCCAGGCCGCTCCCGCCGATCCGCTGGTCGGGGTAGTGGATGACGTCATTCGTCCGCTGGTGAAAGAGCACAGGATCCCGGGCATGGCGGTCGCCGTGCTGAAGGGGGGGCAGGCCCACTACTTCAACTACGGGGTTGCCGAGCTGGCAACGGGGAAGAAGGTCAGCGAGCAGACCCTGTTCGAGATTGGCTCGGTCAGCAAGACCCTGACCGCGACCCTGGGGGCCTACGCCGTGGTCAAGGGGAGCATTGGGCTGGATGACAAGGTGAGCCGGCACGCTCCCTGGCTCAAGGGCTCCGCCTTTGATGGCATTACCATGGCCGAGCTTGCCACTTACAGTGCCGGGGGCCTGCCGCTGCAATTCCCCGACGAGGTGGAATCGCTCGAGCAGATGCAGGCTTACTATCGCCAGTGGACGCCGGCCTATCAACCAGGCAGCCATCGCCAGTACTCCAACCCCAGTATCGGCCTGTTCGGCTATCTGGCGGCGAGCAGTCTGCAGCAGCCGTTTGCCCAGTTGATGGAGCAGACCCTGCTGCCAGGGCTCGGCCTGCATCACACCTATATCAATGTGCCTAAGCAGGCGATGGCGAACTACGCCTATGGCTATTCGAAAGAGGACAAGCCCATCAGGGTCACGCCAGGGGTGCTGGCGGACGAGGCCTACGGCATCAAGACCAGCTCGGCGGATCTGCTCGCCTTCGTGAAGGCCAACATCAACGGGGTGGATGACAAGGGGTTGCAGCAGGCCATCGCCTTGACCCACCAGGGGCACTACTCGGTAGGTGGGATGACCCAGGGACTGGGCTGGGAGAGTTACCCCTATCCGGTCAGCGAGCAGGTGCTGCTGGCAGGCAACTCGGCCCAGGTGATCATGAAGGCCAATCCGACGACGGCCGCGCCGAAGGAGATGGGGAACCAGCGGCTCTTCAACAAGACCGGCTCGACCAACGGCTTTGGCGCCTATGTGGCCTTCGTGCCGGCCAAGGGAGTGGGCATCGTCATGCTGGCCAACCGCAACTACCC
gb|NC_000964.3|-|604735-606379|ARO:3004476|vmlR [Bacillus subtilis subsp. subtilis str. 168] 	0	1589	28758	30347	1644	1985911+	1589	ATGAAAGAGATCGTAACATTAACAAACGTTAGCTATGAAGTAAAGGATCAAACTGTTTTTAAACATGTAAACGCCAGTGTTCAGCAAGGAGATATCATTGGGATTATCGGAAAAAACGGCGCTGGGAAATCTACGTTGCTGCACCTCATTCACAATGACTTAGCCCCTGCACAGGGTCAAATCCTTCGGAAGGATATAAAACTGGCTTTGGTTGAACAGGAAACCGCGGCGTATTCCTTTGCGGACCAGACACCTGCCGAAAAGAAGTTACTGGAGAAATGGCATGTGCCTCTTCGTGATTTTCATCAGTTAAGCGGCGGTGAAAAACTGAAAGCGCGGCTGGCGAAAGGACTATCAGAGGATGCAGATCTGCTGCTGTTAGATGAACCGACAAACCACCTTGATGAAAAAAGCTTGCAATTTCTCATCCAACAGCTGAAACATTATAACGGCACTGTGATTCTCGTTTCTCACGATCGATATTTTTTAGACGAAGCCGCAACAAAAATATGGTCGCTTGAGGATCAGACGCTGATTGAATTCAAAGGGAATTACTCCGGGTATATGAAGTTCCGGGAGAAGAAAAGACTCACCCAGCAACGTGAATATGAAAAGCAGCAAAAAATGGTCGAACGGATTGAAGCACAAATGAATGAGCTCGCTTCTTGGTCGGAAAAAGCCCATGCTCAATCGACGAAAAAGGAAGGGTTTAAAGAATATCACCGGGTAAAAGCGAAGCGTACGGATGCCCAGATAAAATCCAAGCAGAAGCGGCTTGAAAAAGAGCTGGAAAAAGCAAAGGCGGAACCCGTTACCCCAGAATATACAGTCCGCTTTTCAATCGATACAACCCCCAAAACAGGAAAACGTTTTTTAGAAGTTCAGAATGTAACAAAAGCGTTTGGAGAAAGGACCCTCTTTAAAAACGCAAACTTTACGATTCAGCACGGCGAAAAGGTTGCGATCATAGGCCCCAATGGCAGCGGAAAAACGACATTACTGAATATCATTCTTGGACAGGAAACAGCAGAAGGAAGCGTATGGGTGTCGCCGTCCGCAAACATCGGCTATTTAACGCAGGAGGTGTTTGATTTGCCTTTAGAACAAACACCGGTAGAGTTATTTGAGAATGAAACATTTAAAGCAAGAGGGCACGTTCAAAATCTGATGAGGCACTTAGGTTTTACAGCTGCCCAATGGACTGAACCGATCAAGCATATGAGTATGGGTGAGCGTGTAAAGATCAAACTGATGGCCTATATTCTGGAGGAAAAAGACGTGCTGATTTTAGATGAGCCGACAAACCATCTCGACCTGCCGTCACGCGAACAGCTGGAAGAAACACTGTCACAATACAGCGGCACATTGCTGGCGGTTTCACATGACCGATACTTTCTCGAAAAAACAACAAACAGTAAACTCGTCATCTCGAACAATGGCATCAAAAAGCAGTTAAACGACGCTCCTTCAGAAAGAAATGAGCGGGAGGAGCTTCGGTTAAAGCTTGAGACAGAAAGACAAGAAGTGCTGGGAAAGCTCAGTTTTATGATGCCAAATGATAAAGGGTATAAAGAGCTTGATCAAGCTTT
gb|KF730243.1|+|0-1143|ARO:3004647|AQU-2 [Aeromonas hydrophila] 	0	1088	24878	25966	1143	2079546-	1088	ATGAAGCAAACCTCACCCTTGTCGTTGCTGGCGCTGAGCGCCCTGCTGCTGTCGCCCCTCACCCAGGCCGCTCCCGCCGATCCGCTGGTCGGGGTAGTGGATGACGTCATTCGTCCGCTGGTGAAAGAGCACAGGATCCCGGGCATGGCGGTCGCCGTGCTGAAGGGGGGGCAGGCCCACTACTTCAACTACGGGGTTGCCGAGCTGGCAACGGGGAAGAAGGTCAGCGAGCAGACCCTGTTCGAGATTGGCTCGGTCAGCAAGACCCTGACCGCGACCCTGGGGGCCTACGCCGTGGTCAAGGGGAGCATTGGGCTGGATGACAAGGTGAGCCGGCACGCTCCCTGGCTCAAGGGCTCCGCCTTTGATGGCATTACCATGGCCGAGCTTGCCACTTACAGTGCCGGGGGCCTGCCGCTGCAATTCCCCGACGAGGTGGAATCGCTCGAGCAGATGCAGGCTTACTATCGCCAGTGGACGCCGGCCTATCAACCAGGCAGCCATCGCCAGTACTCCAACCCCAGTATCGGCCTGTTCGGCTATCTGGCGGCGAGCAGTCTGCAGCAGCCGTTTGCCCAGTTGATGGAGCAGACCCTGCTGCCAGGGCTCGGCCTGCATCACACCTATATCAATGTGCCTAAGCAGGCGATGGCGAACTACGCCTATGGCTATTCGAAAGAGGACAAGCCCATCAGGGTCACGCCAGGGGTGCTGGCGGACGAGGCCTACGGCATCAAGACCAGCTCGGCGGATCTGCTCGCCTTCGTGAAGGCCAACATCAACGGGGTGGATGACAAGGGGTTGCAGCAGGCCATCGCCTTGACCCACCAGGGGCACTACTCGGTAGGTGGGATGACCCAGGGACTGGGCTGGGAGAGTTACCCCTATCCGGTCAGCGAGCAGGTGCTGCTGGCAGGCAACTCGGCCCAGGTGATCATGAAGGCCAATCCGACGACGGCCGCGCCGAAGGAGATGGGGAACCAGCGGCTCTTCAACAAGACCGGCTCGACCAACGGCTTTGGCGCCTATGTGGCCTTCGTGCCGGCCAAGGGAGTGGGCATCGTCATGCTGGCCAACCGCAACTACCC
gb|KF730244.1|+|0-1149|ARO:3004648|AQU-3 [Aeromonas dhakensis] 	0	1094	24878	25966	1149	2079546-	1088	ATGAAGCAAACCTCACCCTTGTCGTTGCTGGCGCTGAGCGCCCTGCTGCTGTCGCCCCTCACCCAGGCCGCTCCCGCCGATCCGCTGGTCGGGGTAGTGGATGACGTCATTCGTCCGCTGGTGAAAGAGCACAGGATCCCGGGCATGGCGGTCGCCGTGCTGAAGGGGGGGCAGGCCCACTACTTCAACTACGGGGTTGCCGAGCTGGCAACGGGGAAGAAGGTCAGCGAGCAGACCCTGTTCGAGATTGGCTCGGTCAGCAAGACCCTGACCGCGACCCTGGGGGCCTACGCCGTGGTCAAGGGGAGCATTGGGCTGGATGACAAGGTGAGCCGGCACGCTCCCTGGCTCAAGGGCTCCGCCTTTGATGGCATTACCATGGCCGAGCTTGCCACTTACAGTGCCGGGGGCCTGCCGCTGCAATTCCCCGACGAGGTGGAATCGCTCGAGCAGATGCAGGCTTACTATCGCCAGTGGACGCCGGCCTATCAACCAGGCAGCCATCGCCAGTACTCCAACCCCAGTATCGGCCTGTTCGGCTATCTGGCGGCGAGCAGTCTGCAGCAGCCGTTTGCCCAGTTGATGGAGCAGACCCTGCTGCCAGGGCTCGGCCTGCATCACACCTATATCAATGTGCCTAAGCAGGCGATGGCGAACTACGCCTATGGCTATTCGAAAGAGGACAAGCCCATCAGGGTCACGCCAGGGGTGCTGGCGGACGAGGCCTACGGCATCAAGACCAGCTCGGCGGATCTGCTCGCCTTCGTGAAGGCCAACATCAACGGGGTGGATGACAAGGGGTTGCAGCAGGCCATCGCCTTGACCCACCAGGGGCACTACTCGGTAGGTGGGATGACCCAGGGACTGGGCTGGGAGAGTTACCCCTATCCGGTCAGCGAGCAGGTGCTGCTGGCAGGCAACTCGGCCCAGGTGATCATGAAGGCCAATCCGACGACGGCCGCGCCGAAGGAGATGGGGAACCAGCGGCTCTTCAACAAGACCGGCTCGACCAACGGCTTTGGCGCCTATGTGGCCTTCGTGCCGGCCAAGGGAGTGGGCATCGTCATGCTGGCCAACCGCAACTACCC
gb|AL009126|+|916777-919348|ARO:3003324|Bacillus_subtilis_mprF [Bacillus subtilis subsp. subtilis str. 168] 	0	2516	127269	129785	2571	1355660+	2516	TTGCTGATTAAAAAGAATGCTTTATCAATATTAAAAATCGTTTTTCCTATTGCTGTTTTGCTATTTGTTATTTATCAATCGAAAAAAGAACTGACAAATCTGTCTTTCAAACGTACGCTCATGGTCATCAACGGACTGGAACGAACGGACTTATTCATGCTTGTGTTGATCGGCTTGCTGGCTGTTGCGGCCATGTCGCTGTATGATTACGTCCTGAAATACTCACTGCGTCTATCGATCACAAACGGAAAAGTATTCAGGGTTTCCTGGATCGCCAATTCATTTAATAATGTCCTGGGCTTCGGCGGTTTAGCCGGCGTCGGGTTAAGAATGATGTTCTATAAGGAGCATACGAAAGACCATAAGGCACTCGTGAAAGGAATCGCCTGGCTCACATCATCTATGCTGCTCGGATTATCTGTTTTCAGCATTTTCGTCGCTGCGAGAGTGCTGCCAGTGGATGAAGTGATTCATGAAAAGCCTTGGCTATGGGCGGTCGTTATCGGTTTTGCGCTGATATTGCCGCTGTCTTTGGCGGTGTCCAAAATAAAAGACCGCAAAGCTGGGGACGAAGAGAATGCGGATAAAGTGAAAAATCCGATTTTCGCATATATTGGAGCTTCAGTTGTTGAATGGCTCATGGCCGGGATCGTCATCTATTTTGCTTTGTTCGCTATGGGCATTCATGCAGATATCAGGTATGTGTTCGGGGTGTTCGTCATTGCGGCGATCGGAGGAATGATCAGCCTCGTGCCGGGCGGCTTCGGCTCGTTTGACCTTTTATTTTTGCTGGGGATGGAGCAGCTTGGCTATCATCAAGAGGCCATCGTTACTTCTATTGTGTTGTACAGGCTCGCCTACTCATTTATCCCATTTATCTTGGGACTGTTCTTTGCCGCCGGCGACCTGACGGAAAATACAATGAAGCGGCTCGAAACGAACCCGCGCATCGCACCGGCAATTGAGACGACAAACGTTCTGCTTGTTGTTCAGCGTGCGGTATTAGTGAGAATTTTGCAAGGCTCGCTTTCCCTTATTGTGTTCGTAGCAGGTCTGATTGTCTTGGCCTCTGTTTCCTTGCCGATTGACAGGCTGACGGTTATACCGCACATTCCGCGCCCGGCGCTTTTGCTGTTCAACGGCCTGTCCTTAAGCTCAGCGCTCATTCTGCTAATTTTGCCGATTGAGCTTTATAAACGGACAAAACGTTCCTATACGATGGCCATTACAGCGCTTGTCGGCGGCTTTGTGTTCAGCTTTTTAAAAGGGCTTAACATCAGCGCGATATTCGTACTGCCGATGATTATCGTATTGCTTGTGCTATTGAAAAAACAATTTGTCCGCGAACAGGCATCCTATACACTGGGACAATTGATATTCGCTGTGGCGCTGTTTACTGTGGCGCTCTTTAACTACAATCTGATCGCGGGCTTTATTTGGGACCGGATGAAGAAGGTGCTGCGTCACGAATATTTCGTCCACAGCACCTCGCATATTACACATGCAACCATCATGGCGATCATCATTGTGCCGCTGTTCTTCTTGATATTTACAGTGGTCTATCATAAGAGAACGAAACCGATCGGAGAGCAAGCTGACCCTGAGCGTCTTGCTGCGTTTCTTAATGAAAAAGGCGGCAACGCGCTGAGCCATCTTGGTTTTCTTGGAGATAAGCGGTTTTATTTTTCCAGCGATGGGAATGCACTGCTTCTATTTGGGAAAATCGCCAGAAGGCTGGTCGTGCTCGGCGATCCGTCTGGCCAAAGAGAATCATTCCCGCTCGTGCTGGAAGAATTTCTAAACGAAGCGCATCAGAAGGGATTCAGTGTTTTGTTCTATCAAATTGAACGAGAGGACATGGCGCTGTATCACGATTTTGGCTACAACTTCTTTAAACTTGGCGAGGAAGCATATGTAGATTTAAATACATTTACCTTGACTGGGAAGAAAAAAGCCGGCCTTCGGGCAATCAATAACCGCTTTGAGCGGGAGGAGTATACTTTCCATGTGGATCATCCCCCATTTTCTGATGCGTTTTTGGAGGAGCTGAAGCAAATCTCAGACGAATGGCTCGGCTCGAAAAAGGAGAAGGGATTCTCGCTCGGATTTTTTGATCCTTCCTATTTACAGAAAGCGCCGATCGCCTATATGAAAAATGCAGAGGGAGAGATCGTTGCATTCGCAAATGTCATGCCGATGTACCAGGAGGGAGAGATATCGGTTGACCTAATGCGCTATCGCGGCGACGCTCCAAATGGCATTATGGACGCATTGTTTATCCGTATGTTTTTATGGGCAAAGGAAGAGGGCTGCACGTCATTTAATATGGGGATGGCACCCTTGGCTAATGTCGGCACTGCCTTTACATCCTTCTGGTCCGAAAGGTTTGCCGGTGTCATTTTTAATAATGTCAGATACATGTACAGCTTCAGCGGCCTAAGAGCCTTTAAAGAAAAATACAAACCGGAGTGGCGAGGGAAATACTTAGCGTATCGGAAAAACAGATCTCTTTCTGT
gb|X06599|+|272-1193|ARO:3002877|BcI [Bacillus cereus] 	564	823	0	259	921	183584+	259	GCTATTCCAGGAGACATTCGTGACACTAGTACAGCGAAAGCAATTGCTACGAATCTTAAAGCTTTTACGGTCGGAAATGCACTTCCTGCTGAAAAACGTAAAATTCTTACAGAGTGGATGAAAGGAAATGCTACAGGAGACAAACTTATTCGTGCAGGCGTACCAACTGACTGGGTAGTTGGAGATAAATCAGGTGCTGGCAGTTACGGGACAAGAAATGATATTGCTATCGTTTGGCCTCCAAATAGAGCACCAATTA
gb|KF526113|+|0-1146|ARO:3002112|CMY-100 [Citrobacter freundii] 	0	1091	1200	2291	1146	146006-	1091	ATGATGAAAAAATCGATATGCTGCGCGCTGCTGCTGACAGCTTCTTTCTCCACGTTTGCCGCCGCAAAAACAGAACAACAAATTGCCGATATCGTTAACCGCACCATCACACCGCTGATGCAGGAGCAGGCAATTCCGGGTATGGCCGTTGCGATTATCTATCAGGGGAAACCTTATTACTTTACCTGGGGTAAAGCCGATATCGCCAATAACCGTCCAGTCACGCAACAAACGCTGTTTGAACTCGGATCGGTCAGTAAAACGTTCAACGGTGTGCTGGGCGGCGATGCTATCGCCCGCGGCGAAATTAAGCTCAGCGATCCGGTCACGCAGTACTGGCCTGAACTGACTGGTAAGCAGTGGCAGGGTATCAGCCTGCTGCACTTAGCCACCTACACGGCAGGCGGCCTGCCGCTTCAGGTTCCGGACGACGTTACGGATAAAGCCGCGTTACTACGCTTTTATCAAAACTGGCAGCCGCAATGGGCCCCAGGCGCTAAACGTCTTTATGCTAACTCCAGCATTGGTCTGTTTGGCGCCCTGGCAGTGAAACCCTCAGGCATGAGCTACGAAGAGGCGATGTCCAAACGCGTCCTGCACCCCTTAAAACTGGCGCATACCTGGATTACGGTTCCGCAGAGCGAACAAAAAGATTATGCCTGGGGTTATCGCGAAGGAAAGCCAGTGCATGTATCCCCTGGCCAACTTGATGCCGAAGCCTACGGGGTGAAATCGAGCGTTATCGATATGACCCGTTGGGTTCAGGCCAACATGGACGCCAGCCAGGTTCAGGAGAAAACGCTCCAGCATGGCATCGAGCTTGCGCAGTCACGTTACTGGCGTATTGGCGATATGTACCAGGGCCTGGGCTGGGAGATGCTGAACTGGCCGGTGAAGGCCGACTCGATAATTAGCGGTAGCGACAGCAAAGTGGCACTGGCAGCGCTTCCTGCCGTTGAGGTAAACCCGCCCGCGCCTGCCGTGAAAGCCTCATGGGTGCATAAAACGGGCTCCACTGGCGGATTCGGCAGCTATGTTGCTTTCGTTCCAGAAAAAAACCTTGGCATCGTGATGCTGGCAAACAAAAGCTA
gb|KF526114|+|0-1146|ARO:3002113|CMY-101 [Escherichia coli] 	0	1091	1200	2291	1146	146006-	1091	ATGATGAAAAAATCGATATGCTGCGCGCTGCTGCTGACAGCTTCTTTCTCCACGTTTGCCGCCGCAAAAACAGAACAACAAATTGCCGATATCGTTAACCGCACCATCACACCGCTGATGCAGGAGCAGGCAATTCCGGGTATGGCCGTTGCGATTATCTATCAGGGGAAACCTTATTACTTTACCTGGGGTAAAGCCGATATCGCCAATAACCGTCCAGTCACGCAACAAACGCTGTTTGAACTCGGATCGGTCAGTAAAACGTTCAACGGTGTGCTGGGCGGCGATGCTATCGCCCGCGGCGAAATTAAGCTCAGCGATCCGGTCACGCAGTACTGGCCTGAACTGACTGGTAAGCAGTGGCAGGGTATCAGCCTGCTGCACTTAGCCACCTACACGGCAGGCGGCCTGCCGCTTCAGGTTCCGGACGACGTTACGGATAAAGCCGCGTTACTACGCTTTTATCAAAACTGGCAGCCGCAATGGGCCCCAGGCGCTAAACGTCTTTATGCTAACTCCAGCATTGGTCTGTTTGGCGCCCTGGCAGTGAAACCCTCAGGCATGAGCTACGAAGAGGCGATGTCCAAACGCGTCCTGCACCCCTTAAAACTGGCGCATACCTGGATTACGGTTCCGCAGAGCGAACAAAAAGATTATGCCTGGGGTTATCGCGAAGGAAAGCCAGTGCATGTATCCCCTGGCCAACTTGATGCCGAAGCCTACGGGGTGAAATCGAGCGTTATCGATATGACCCGTTGGGTTCAGGCCAACATGGACGCCAGCCAGGTTCAGGAGAAAACGCTCCAGCATGGCATCGAGCTTGCGCAGTCACGTTACTGGCGTATTGGCGATATGTACCAGGGCCTGGGCTGGGAGATGCTGAACTGGCCGGTGAAGGCCGACTCGATAATTAGCGGTAGCGACAGCAAAGTGGCACTGGCAGCGCTTCCTGCCGTTGAGGTAAACCCGCCCGCGCCTGCCGTGAAAGCCTCATGGGTGCATAAAACGGGCTCCACTGGCGGATTCGGCAGCTATGTTGCTTTCGTTCCAGAAAAAAACCTTGGCATCGTGATGCTGGCAAACAAAAGCTA
gb|JX440350|+|1026-2172|ARO:3002083|CMY-70 [Citrobacter braakii] 	0	1091	1200	2291	1146	146006-	1091	ATGATGAAAAAATCGATATGCTGCGCGCTGCTGCTGACAGCTTCTTTCTCCACGTTTGCCGCCGCAAAAACAGAACAACAAATTGCCGATATCGTTAACCGCACCATCACACCGCTGATGCAGGAGCAGGCAATTCCGGGTATGGCCGTTGCGATTATCTATCAGGGGAAACCTTATTACTTTACCTGGGGTAAAGCCGATATCGCCAATAACCGTCCAGTCACGCAACAAACGCTGTTTGAACTCGGATCGGTCAGTAAAACGTTCAACGGTGTGCTGGGCGGCGATGCTATCGCCCGCGGCGAAATTAAGCTCAGCGATCCGGTCACGCAGTACTGGCCTGAACTGACTGGTAAGCAGTGGCAGGGTATCAGCCTGCTGCACTTAGCCACCTACACGGCAGGCGGCCTGCCGCTTCAGGTTCCGGACGACGTTACGGATAAAGCCGCGTTACTACGCTTTTATCAAAACTGGCAGCCGCAATGGGCCCCAGGCGCTAAACGTCTTTATGCTAACTCCAGCATTGGTCTGTTTGGCGCCCTGGCAGTGAAACCCTCAGGCATGAGCTACGAAGAGGCGATGTCCAAACGCGTCCTGCACCCCTTAAAACTGGCGCATACCTGGATTACGGTTCCGCAGAGCGAACAAAAAGATTATGCCTGGGGTTATCGCGAAGGAAAGCCAGTGCATGTATCCCCTGGCCAACTTGATGCCGAAGCCTACGGGGTGAAATCGAGCGTTATCGATATGACCCGTTGGGTTCAGGCCAACATGGACGCCAGCCAGGTTCAGGAGAAAACGCTCCAGCATGGCATCGAGCTTGCGCAGTCACGTTACTGGCGTATTGGCGATATGTACCAGGGCCTGGGCTGGGAGATGCTGAACTGGCCGGTGAAGGCCGACTCGATAATTAGCGGTAGCGACAGCAAAGTGGCACTGGCAGCGCTTCCTGCCGTTGAGGTAAACCCGCCCGCGCCTGCCGTGAAAGCCTCATGGGTGCATAAAACGGGCTCCACTGGCGGATTCGGCAGCTATGTTGCTTTCGTTCCAGAAAAAAACCTTGGCATCGTGATGCTGGCAAACAAAAGCTA
gb|JX440349|+|1026-2172|ARO:3002087|CMY-74 [Citrobacter braakii] 	0	1091	1200	2291	1146	146006-	1091	ATGATGAAAAAATCGATATGCTGCGCGCTGCTGCTGACAGCTTCTTTCTCCACGTTTGCCGCCGCAAAAACAGAACAACAAATTGCCGATATCGTTAACCGCACCATCACACCGCTGATGCAGGAGCAGGCAATTCCGGGTATGGCCGTTGCGATTATCTATCAGGGGAAACCTTATTACTTTACCTGGGGTAAAGCCGATATCGCCAATAACCGTCCAGTCACGCAACAAACGCTGTTTGAACTCGGATCGGTCAGTAAAACGTTCAACGGTGTGCTGGGCGGCGATGCTATCGCCCGCGGCGAAATTAAGCTCAGCGATCCGGTCACGCAGTACTGGCCTGAACTGACTGGTAAGCAGTGGCAGGGTATCAGCCTGCTGCACTTAGCCACCTACACGGCAGGCGGCCTGCCGCTTCAGGTTCCGGACGACGTTACGGATAAAGCCGCGTTACTACGCTTTTATCAAAACTGGCAGCCGCAATGGGCCCCAGGCGCTAAACGTCTTTATGCTAACTCCAGCATTGGTCTGTTTGGCGCCCTGGCAGTGAAACCCTCAGGCATGAGCTACGAAGAGGCGATGTCCAAACGCGTCCTGCACCCCTTAAAACTGGCGCATACCTGGATTACGGTTCCGCAGAGCGAACAAAAAGATTATGCCTGGGGTTATCGCGAAGGAAAGCCAGTGCATGTATCCCCTGGCCAACTTGATGCCGAAGCCTACGGGGTGAAATCGAGCGTTATCGATATGACCCGTTGGGTTCAGGCCAACATGGACGCCAGCCAGGTTCAGGAGAAAACGCTCCAGCATGGCATCGAGCTTGCGCAGTCACGTTACTGGCGTATTGGCGATATGTACCAGGGCCTGGGCTGGGAGATGCTGAACTGGCCGGTGAAGGCCGACTCGATAATTAGCGGTAGCGACAGCAAAGTGGCACTGGCAGCGCTTCCTGCCGTTGAGGTAAACCCGCCCGCGCCTGCCGTGAAAGCCTCATGGGTGCATAAAACGGGCTCCACTGGCGGATTCGGCAGCTATGTTGCTTTCGTTCCAGAAAAAAACCTTGGCATCGTGATGCTGGCAAACAAAAGCTA
gb|KJ207203|+|5-1151|ARO:3002095|CMY-82 [Citrobacter freundii] 	0	1091	1200	2291	1146	146006-	1091	ATGATGAAAAAATCGATATGCTGCGCGCTGCTGCTGACAGCTTCTTTCTCCACGTTTGCCGCCGCAAAAACAGAACAACAAATTGCCGATATCGTTAACCGCACCATCACACCGCTGATGCAGGAGCAGGCAATTCCGGGTATGGCCGTTGCGATTATCTATCAGGGGAAACCTTATTACTTTACCTGGGGTAAAGCCGATATCGCCAATAACCGTCCAGTCACGCAACAAACGCTGTTTGAACTCGGATCGGTCAGTAAAACGTTCAACGGTGTGCTGGGCGGCGATGCTATCGCCCGCGGCGAAATTAAGCTCAGCGATCCGGTCACGCAGTACTGGCCTGAACTGACTGGTAAGCAGTGGCAGGGTATCAGCCTGCTGCACTTAGCCACCTACACGGCAGGCGGCCTGCCGCTTCAGGTTCCGGACGACGTTACGGATAAAGCCGCGTTACTACGCTTTTATCAAAACTGGCAGCCGCAATGGGCCCCAGGCGCTAAACGTCTTTATGCTAACTCCAGCATTGGTCTGTTTGGCGCCCTGGCAGTGAAACCCTCAGGCATGAGCTACGAAGAGGCGATGTCCAAACGCGTCCTGCACCCCTTAAAACTGGCGCATACCTGGATTACGGTTCCGCAGAGCGAACAAAAAGATTATGCCTGGGGTTATCGCGAAGGAAAGCCAGTGCATGTATCCCCTGGCCAACTTGATGCCGAAGCCTACGGGGTGAAATCGAGCGTTATCGATATGACCCGTTGGGTTCAGGCCAACATGGACGCCAGCCAGGTTCAGGAGAAAACGCTCCAGCATGGCATCGAGCTTGCGCAGTCACGTTACTGGCGTATTGGCGATATGTACCAGGGCCTGGGCTGGGAGATGCTGAACTGGCCGGTGAAGGCCGACTCGATAATTAGCGGTAGCGACAGCAAAGTGGCACTGGCAGCGCTTCCTGCCGTTGAGGTAAACCCGCCCGCGCCTGCCGTGAAAGCCTCATGGGTGCATAAAACGGGCTCCACTGGCGGATTCGGCAGCTATGTTGCTTTCGTTCCAGAAAAAAACCTTGGCATCGTGATGCTGGCAAACAAAAGCTA
gb|JX440351|+|1026-2172|ARO:3002096|CMY-83 [Citrobacter braakii] 	0	1091	1200	2291	1146	146006-	1091	ATGATGAAAAAATCGATATGCTGCGCGCTGCTGCTGACAGCTTCTTTCTCCACGTTTGCCGCCGCAAAAACAGAACAACAAATTGCCGATATCGTTAACCGCACCATCACACCGCTGATGCAGGAGCAGGCAATTCCGGGTATGGCCGTTGCGATTATCTATCAGGGGAAACCTTATTACTTTACCTGGGGTAAAGCCGATATCGCCAATAACCGTCCAGTCACGCAACAAACGCTGTTTGAACTCGGATCGGTCAGTAAAACGTTCAACGGTGTGCTGGGCGGCGATGCTATCGCCCGCGGCGAAATTAAGCTCAGCGATCCGGTCACGCAGTACTGGCCTGAACTGACTGGTAAGCAGTGGCAGGGTATCAGCCTGCTGCACTTAGCCACCTACACGGCAGGCGGCCTGCCGCTTCAGGTTCCGGACGACGTTACGGATAAAGCCGCGTTACTACGCTTTTATCAAAACTGGCAGCCGCAATGGGCCCCAGGCGCTAAACGTCTTTATGCTAACTCCAGCATTGGTCTGTTTGGCGCCCTGGCAGTGAAACCCTCAGGCATGAGCTACGAAGAGGCGATGTCCAAACGCGTCCTGCACCCCTTAAAACTGGCGCATACCTGGATTACGGTTCCGCAGAGCGAACAAAAAGATTATGCCTGGGGTTATCGCGAAGGAAAGCCAGTGCATGTATCCCCTGGCCAACTTGATGCCGAAGCCTACGGGGTGAAATCGAGCGTTATCGATATGACCCGTTGGGTTCAGGCCAACATGGACGCCAGCCAGGTTCAGGAGAAAACGCTCCAGCATGGCATCGAGCTTGCGCAGTCACGTTACTGGCGTATTGGCGATATGTACCAGGGCCTGGGCTGGGAGATGCTGAACTGGCCGGTGAAGGCCGACTCGATAATTAGCGGTAGCGACAGCAAAGTGGCACTGGCAGCGCTTCCTGCCGTTGAGGTAAACCCGCCCGCGCCTGCCGTGAAAGCCTCATGGGTGCATAAAACGGGCTCCACTGGCGGATTCGGCAGCTATGTTGCTTTCGTTCCAGAAAAAAACCTTGGCATCGTGATGCTGGCAAACAAAAGCTA
gb|KF992025|+|1026-2172|ARO:3002106|CMY-93 [Citrobacter freundii] 	0	1091	1200	2291	1146	146006-	1091	ATGATGAAAAAATCGATATGCTGCGCGCTGCTGCTGACAGCTTCTTTCTCCACGTTTGCCGCCGCAAAAACAGAACAACAAATTGCCGATATCGTTAACCGCACCATCACACCGCTGATGCAGGAGCAGGCAATTCCGGGTATGGCCGTTGCGATTATCTATCAGGGGAAACCTTATTACTTTACCTGGGGTAAAGCCGATATCGCCAATAACCGTCCAGTCACGCAACAAACGCTGTTTGAACTCGGATCGGTCAGTAAAACGTTCAACGGTGTGCTGGGCGGCGATGCTATCGCCCGCGGCGAAATTAAGCTCAGCGATCCGGTCACGCAGTACTGGCCTGAACTGACTGGTAAGCAGTGGCAGGGTATCAGCCTGCTGCACTTAGCCACCTACACGGCAGGCGGCCTGCCGCTTCAGGTTCCGGACGACGTTACGGATAAAGCCGCGTTACTACGCTTTTATCAAAACTGGCAGCCGCAATGGGCCCCAGGCGCTAAACGTCTTTATGCTAACTCCAGCATTGGTCTGTTTGGCGCCCTGGCAGTGAAACCCTCAGGCATGAGCTACGAAGAGGCGATGTCCAAACGCGTCCTGCACCCCTTAAAACTGGCGCATACCTGGATTACGGTTCCGCAGAGCGAACAAAAAGATTATGCCTGGGGTTATCGCGAAGGAAAGCCAGTGCATGTATCCCCTGGCCAACTTGATGCCGAAGCCTACGGGGTGAAATCGAGCGTTATCGATATGACCCGTTGGGTTCAGGCCAACATGGACGCCAGCCAGGTTCAGGAGAAAACGCTCCAGCATGGCATCGAGCTTGCGCAGTCACGTTACTGGCGTATTGGCGATATGTACCAGGGCCTGGGCTGGGAGATGCTGAACTGGCCGGTGAAGGCCGACTCGATAATTAGCGGTAGCGACAGCAAAGTGGCACTGGCAGCGCTTCCTGCCGTTGAGGTAAACCCGCCCGCGCCTGCCGTGAAAGCCTCATGGGTGCATAAAACGGGCTCCACTGGCGGATTCGGCAGCTATGTTGCTTTCGTTCCAGAAAAAAACCTTGGCATCGTGATGCTGGCAAACAAAAGCTA
gb|GQ343019|+|132-1023|ARO:3002999|CblA-1 [mixed culture bacterium AX_gF3SD01_15] 	0	836	4876	5712	891	926037-	836	ATGAAAGCATATTTCATCGCCATACTTACCTTATTCACTTGTATAGCTACCGTCGTCCGGGCGCAGCAAATGTCTGAACTTGAAAACCGGATTGACAGTCTGCTCAATGGCAAGAAAGCCACCGTTGGTATAGCCGTATGGACAGACAAAGGAGACATGCTCCGGTATAACGACCATGTACACTTCCCCTTGCTCAGTGTATTCAAATTCCATGTGGCACTGGCCGTACTGGACAAGATGGATAAGCAAAGCATCAGTCTGGACAGCATTGTTTCCATAAAGGCATCCCAAATGCCGCCCAATACCTACAGCCCCCTGCGGAAGAAGTTTCCCGACCAGGATTTCACGATTACGCTTAGGGAACTGATGCAATACAGCATTTCCCAAAGCGACAACAATGCCTGCGACATCTTGATAGAATATGCAGGAGGCATCAAACATATCAATGACTATATCCACCGGTTGAGTATCGACTCCTTCAACCTCTCGGAAACAGAAGACGGCATGCACTCCAGCTTCGAGGCTGTATACCGCAACTGGAGTACTCCTTCCGCTATGGTCCGACTACTGAGAACGGCTGATGAAAAAGAGTTGTTCTCCAACAAGGAGCTGAAAGACTTCTTGTGGCAGACCATGATAGATACTGAAACCGGTGCCAACAAACTGAAAGGTATGTTGCCAGCCAAAACCGTAGTAGGACACAAGACCGGCTCTTCCGACCGCAATGCCGACGGTATGAAAACTGCAGATAATGATGCCGGCCTCGTTATCCTTCCCGACGGCCGGAAATACTACATTGCCGCCTTCGTCATGGACTCATACGAGACGGATGAGGA
gb|U38243|+|149-1115|ARO:3003001|CfxA [Bacteroides vulgatus] 	0	911	111	1022	966	821183+	911	ATGGAAAAAAACAGAAAAAAACAAATCGTAGTTTTGAGTATAGCTTTAGTTTGCATTTTCATCTTGGTATTTTCATTGTTCCATAAATCAGCGACAAAAGATAGCGCAAATCCTCCTTTAACAAATGTTTTGACTGATAGCATTTCTCAAATTGTCTCAGCTTGTCCTGGCGAAATTGGTGTGGCGGTTATTGTTAATAACAGAGATACGGTTAAGGTCAATAATAAGAGTGTTTATCCTATGATGAGTGTGTTTAAGGTTCATCAGGCATTAGCTCTTTGTAATGACTTTGACAATAAAGGAATTTCACTTGATACCTTAGTAAATATAAATAGGGATAAACTTGACCCAAAGACTTGGAGTCCTATGCTGAAAGATTATTCAGGGCCAGTCATATCATTGACAGTGAGAGATTTGCTGCGTTATACTCTTACTCAGAGTGACAACAATGCAAGCAACCTTATGTTTAAGGATATGGTTAATGTCGCTCAAACAGATAGTTTTATAGCCACACTCATTCCTCGTTCAAGTTTTCAGATAGCTTATACGGAAGAGGAAATGTCGGCTGACCATAACAAGGCTTACTCTAACTATACATCTCCTCTTGGTGCTGCAATGTTGATGAATCGTTTGTTTACTGAAGGTCTTATCGATGATGAGAAACAAAGTTTCATTAAGAATACGTTAAAAGAATGCAAAACAGGTGTAGATAGGATAGCAGCTCCACTTCTTGATAAAGAAGGGGTTGTTATAGCGCATAAGACAGGTTCAGGTTATGTTAATGAAAATGGTGTTCTTGCAGCTCACAATGATGTTGCCTATATATGTCTGCCTAATAATATCAGTTATACCTTAGCGGTATTTGTTAAGGATTTCAAGGGAAATGAATCACAAGCGTCACAATATGTTGC
gb|AF118110.1|-|71-1037|ARO:3003002|CfxA2 [Prevotella intermedia] 	0	911	111	1022	966	821183+	911	ATGGAAAAAAACAGAAAAAAACAAATCGTAGTTTTGAGTATAGCTTTAGTTTGCATTTTCATCTTGGTATTTTCATTGTTCCATAAATCAGCGACAAAAGATAGCGCAAATCCTCCTTTAACAAATGTTTTGACTGATAGCATTTCTCAAATTGTCTCAGCTTGTCCTGGCGAAATTGGTGTGGCGGTTATTGTTAATAACAGAGATACGGTTAAGGTCAATAATAAGAGTGTTTATCCTATGATGAGTGTGTTTAAGGTTCATCAGGCATTAGCTCTTTGTAATGACTTTGACAATAAAGGAATTTCACTTGATACCTTAGTAAATATAAATAGGGATAAACTTGACCCAAAGACTTGGAGTCCTATGCTGAAAGATTATTCAGGGCCAGTCATATCATTGACAGTGAGAGATTTGCTGCGTTATACTCTTACTCAGAGTGACAACAATGCAAGCAACCTTATGTTTAAGGATATGGTTAATGTCGCTCAAACAGATAGTTTTATAGCCACACTCATTCCTCGTTCAAGTTTTCAGATAGCTTATACGGAAGAGGAAATGTCGGCTGACCATAACAAGGCTTACTCTAACTATACATCTCCTCTTGGTGCTGCAATGTTGATGAATCGTTTGTTTACTGAAGGTCTTATCGATGATGAGAAACAAAGTTTCATTAAGAATACGTTAAAAGAATGCAAAACAGGTGTAGATAGGATAGCAGCTCCACTTCTTGATAAAGAAGGGGTTGTTATAGCGCATAAGACAGGTTCAGGTTATGTTAATGAAAATGGTGTTCTTGCAGCTCACAATGATGTTGCCTATATATGTCTGCCTAATAATATCAGTTATACCTTAGCGGTATTTGTTAAGGATTTCAAGGGAAATGAATCACAAGCGTCACAATATGTTGC
gb|AF472622|+|52-1018|ARO:3003003|CfxA3 [Capnocytophaga ochracea] 	0	911	111	1022	966	821183+	911	ATGGAAAAAAACAGAAAAAAACAAATCGTAGTTTTGAGTATAGCTTTAGTTTGCATTTTCATCTTGGTATTTTCATTGTTCCATAAATCAGCGACAAAAGATAGCGCAAATCCTCCTTTAACAAATGTTTTGACTGATAGCATTTCTCAAATTGTCTCAGCTTGTCCTGGCGAAATTGGTGTGGCGGTTATTGTTAATAACAGAGATACGGTTAAGGTCAATAATAAGAGTGTTTATCCTATGATGAGTGTGTTTAAGGTTCATCAGGCATTAGCTCTTTGTAATGACTTTGACAATAAAGGAATTTCACTTGATACCTTAGTAAATATAAATAGGGATAAACTTGACCCAAAGACTTGGAGTCCTATGCTGAAAGATTATTCAGGGCCAGTCATATCATTGACAGTGAGAGATTTGCTGCGTTATACTCTTACTCAGAGTGACAACAATGCAAGCAACCTTATGTTTAAGGATATGGTTAATGTCGCTCAAACAGATAGTTTTATAGCCACACTCATTCCTCGTTCAAGTTTTCAGATAGCTTATACGGAAGAGGAAATGTCGGCTGACCATAACAAGGCTTACTCTAACTATACATCTCCTCTTGGTGCTGCAATGTTGATGAATCGTTTGTTTACTGAAGGTCTTATCGATGATGAGAAACAAAGTTTCATTAAGAATACGTTAAAAGAATGCAAAACAGGTGTAGATAGGATAGCAGCTCCACTTCTTGATAAAGAAGGGGTTGTTATAGCGCATAAGACAGGTTCAGGTTATGTTAATGAAAATGGTGTTCTTGCAGCTCACAATGATGTTGCCTATATATGTCTGCCTAATAATATCAGTTATACCTTAGCGGTATTTGTTAAGGATTTCAAGGGAAATGAATCACAAGCGTCACAATATGTTGC
gb|AY769933|+|0-966|ARO:3003005|CfxA4 [Bacteroides fragilis] 	0	911	111	1022	966	821183+	911	ATGGAAAAAAACAGAAAAAAACAAATCGTAGTTTTGAGTATAGCTTTAGTTTGCATTTTCATCTTGGTATTTTCATTGTTCCATAAATCAGCGACAAAAGATAGCGCAAATCCTCCTTTAACAAATGTTTTGACTGATAGCATTTCTCAAATTGTCTCAGCTTGTCCTGGCGAAATTGGTGTGGCGGTTATTGTTAATAACAGAGATACGGTTAAGGTCAATAATAAGAGTGTTTATCCTATGATGAGTGTGTTTAAGGTTCATCAGGCATTAGCTCTTTGTAATGACTTTGACAATAAAGGAATTTCACTTGATACCTTAGTAAATATAAATAGGGATAAACTTGACCCAAAGACTTGGAGTCCTATGCTGAAAGATTATTCAGGGCCAGTCATATCATTGACAGTGAGAGATTTGCTGCGTTATACTCTTACTCAGAGTGACAACAATGCAAGCAACCTTATGTTTAAGGATATGGTTAATGTCGCTCAAACAGATAGTTTTATAGCCACACTCATTCCTCGTTCAAGTTTTCAGATAGCTTATACGGAAGAGGAAATGTCGGCTGACCATAACAAGGCTTACTCTAACTATACATCTCCTCTTGGTGCTGCAATGTTGATGAATCGTTTGTTTACTGAAGGTCTTATCGATGATGAGAAACAAAGTTTCATTAAGAATACGTTAAAAGAATGCAAAACAGGTGTAGATAGGATAGCAGCTCCACTTCTTGATAAAGAAGGGGTTGTTATAGCGCATAAGACAGGTTCAGGTTATGTTAATGAAAATGGTGTTCTTGCAGCTCACAATGATGTTGCCTATATATGTCTGCCTAATAATATCAGTTATACCTTAGCGGTATTTGTTAAGGATTTCAAGGGAAATGAATCACAAGCGTCACAATATGTTGC
gb|AY769934|+|27-993|ARO:3003096|CfxA5 [Parabacteroides distasonis] 	0	911	111	1022	966	821183+	911	ATGGAAAAAAACAGAAAAAAACAAATCGTAGTTTTGAGTATAGCTTTAGTTTGCATTTTCATCTTGGTATTTTCATTGTTCCATAAATCAGCGACAAAAGATAGCGCAAATCCTCCTTTAACAAATGTTTTGACTGATAGCATTTCTCAAATTGTCTCAGCTTGTCCTGGCGAAATTGGTGTGGCGGTTATTGTTAATAACAGAGATACGGTTAAGGTCAATAATAAGAGTGTTTATCCTATGATGAGTGTGTTTAAGGTTCATCAGGCATTAGCTCTTTGTAATGACTTTGACAATAAAGGAATTTCACTTGATACCTTAGTAAATATAAATAGGGATAAACTTGACCCAAAGACTTGGAGTCCTATGCTGAAAGATTATTCAGGGCCAGTCATATCATTGACAGTGAGAGATTTGCTGCGTTATACTCTTACTCAGAGTGACAACAATGCAAGCAACCTTATGTTTAAGGATATGGTTAATGTCGCTCAAACAGATAGTTTTATAGCCACACTCATTCCTCGTTCAAGTTTTCAGATAGCTTATACGGAAGAGGAAATGTCGGCTGACCATAACAAGGCTTACTCTAACTATACATCTCCTCTTGGTGCTGCAATGTTGATGAATCGTTTGTTTACTGAAGGTCTTATCGATGATGAGAAACAAAGTTTCATTAAGAATACGTTAAAAGAATGCAAAACAGGTGTAGATAGGATAGCAGCTCCACTTCTTGATAAAGAAGGGGTTGTTATAGCGCATAAGACAGGTTCAGGTTATGTTAATGAAAATGGTGTTCTTGCAGCTCACAATGATGTTGCCTATATATGTCTGCCTAATAATATCAGTTATACCTTAGCGGTATTTGTTAAGGATTTCAAGGGAAATGAATCACAAGCGTCACAATATGTTGC
gb|L42817|+|201-936|ARO:3000522|ErmG [Bacteroides thetaiotaomicron] 	0,321	225,587	1729,0	1954,266	735	29177366+;27899047+	225;266	ATGAACAAAGTAAATATAAAAGATAGTCAAAATTTTATTACTTCAAAATATCACATAGAAAAAATAATGAATTGCATAAGTTTAGATGAAAAAGATAACATCTTTGAAATAGGTGCAGGGAAAGGTCATTTTACTGCTGAATTGGTAAAGAGATGTAATTTTGTTACGGCGATAGAAATTGATTCTAAATTATGTGAGGTAACTCGTAATAAGCTCTTAAATTAT;ACAAATATAATTCGAAAAATTGTTTTTGAAAGTTCAGCCACAATAAGTTATTTAATAGTAGAATATGGTTTTGCTAAAATGTTATTAGATACAAACAGATCACTAGCATTGCTGTTAATGGCAGAGGTAGATATTTCTATATTAGCAAAAATTCCCAGGTATTATTTCCATCCAAAACCTAAAGTGGATAGCGCATTAATTGTATTAAAAAGAAAGCCAGCAAAAATGGCATTTAAAGAGAGAAAAAAATATGAAACTTTGGTAAT
gb|M36726.1|+|295-1150|ARO:3000596|ErmX [Plasmid pNG2] 	0	800	233	1033	855	39861-	800	ATGTCTGCATACGGACACGGCCGTCACGAGCATGGCCAAAATTTTCTCACCAACCACAAGATCATCAACTCCATCATCGACCTTGTGAAACAAACCTCCGGCCCCATCATTGAGATCGGACCAGGAAGCGGTGCCCTCACTCACCCGATGGCCCACTTGGGGAGGGCGATAACGGCAGTTGAAGTGGACGCAAAACTAGCTGCCAAAATCACACAAGAAACCTCCTCGGCGGCGGTCGAAGTGGTCCATGATGATTTCCTTAACTTCCGGTTACCCGCCACTCCCTGCGTCATTGTGGGAAACATTCCCTTTCACCTCACCACTGCCATTCTTCGAAAGTTGCTGCATGCGCCAGCATGGACTGACGCTGTACTCCTCATGCAGTGGGAAGTCGCTCGCCGCCGGGCCGGGGTAGGCGCAAGCACGATGATGACGGCTCAGTGGTCCCCATGGTTCACATTTCACCTGGGTTCTCGGGTACCAAGGTCTGCTTTCCGGCCACAGCCAAACGTTGACGGGGGGATCTTAGTGATCCGCCGGGTGGGTGACCCGAAGATTCCGATAGAGCAGCGCAAAGCCTTTCAGGCGATGGTGCACACCGTTTTCACTGCCCGGGGACGCGGGATAGGGGAAATTCTCCGAAGGGCAGGGTTGTTTTCATCACGTTCAGAAACACAATCATGGTTGCGCTCGCGAGGAATCGACCCCGCGACCCTACCTCCCAGATTGCACACCAACGACTGGATCGATCTCTTCCAGGTGACTGGTTCCTCTCTACCTCACCATCGACCCATTTCACC
gb|U00096.3|-|4377810-4378944|ARO:3004290|Escherichia_coli_ampC [Escherichia coli str. K-12 substr. MG1655] 	0	1079	214	1293	1134	24851+	1079	ATGTTCAAAACGACGCTCTGCACCTTATTAATTACCGCCTCTTGCTCCACATTTGCCGCACCTCAACAAATCAACGATATTGTGCATCGCACAATTACCCCGCTTATAGAGCAACAAAAGATCCCCGGTATGGCGGTAGCGGTAATTTATCAGGGTAAACCTTATTACTTTACCTGGGGCTATGCGGACATCGCCAAAAAGCAGCCCGTCACACAGCAAACGTTGTTTGAGTTAGGTTCGGTCAGCAAAACATTTACGGGCGTGCTTGGTGGCGACGCTATTGCTCGAGGGGAAATCAAGTTAAGCGATCCCACAACAAAATACTGGCCTGAACTTACCGCTAAACAGTGGAATGGGATCACACTATTACATCTCGCAACCTACACCGCTGGCGGCCTGCCATTGCAGGTGCCGGATGAGGTGAAATCCTCAAGCGACTTGCTGCGCTTCTATCAAAACTGGCAGCCTGCATGGGCTCCAGGAACACAACGTCTGTATGCCAACTCCAGTATCGGTTTGTTCGGCGCACTGGCTGTGAAGCCGTCTGGTTTGAGTTTTGAGCAGGCGATGAAAACTCGTGTCTTCCAGCCACTCAAACTCAATCATACGTGGATTAATGTACCGTCCGCAGAAGAAAAGAACTACGCCTGGGGATATCGCGAAGGTAAGGCAGTACATGTTTCGCCAGGGGCGTTAGATGCTGAAGCTTATGGTGTGAAGTCGACCATTGAAGATATGGCCCGCTGGGTGCAAAGCAATTTAAAACCCTTTGATATCAATGAGAAAATACTTCAACAAGGGATACAGCTGGCACAATCTCGCTACTGGCAAACCGGCGATATGTATCAGGGTCTGGGCTGGGAAATGCTGGACTGGCCGGTAAATCCTGACATCATCATTAACGGCAGTGACAATAAAATTGCACTGGCAGCACGCCCCGTAAAACCGATTACGCCCCCAACTCCTGCAGTACGCGCATCATGGGTACATAAAACGGGGGCGACCGGCGGATTTGGTAGCTATGTCGCGTTTATTCCAGAAAAAGAGCTGGGTATCGTGATGCTGGCTAACAAAAACTA
gb|FN649414.1|+|2765050-2766355|ARO:3004611|Escherichia_coli_ampC1_beta-lactamase [Escherichia coli ETEC H10407] 	29	1250	0	1221	1305	425724-	1221	GCTGGCTATTAGCTGTAGCGTCAGCGCCGCAAAATACCCTGTTCTGACAGAAAGTTCGCCAGAGAAAGCAGGGTTCAACGTCGAACGGCTTAACCAGATGGATCGCTGGATTAGCCAGCAAGTGGACGCCGGTTATCCCGGCGTAAACCTGCTGATTATAAAAGATAATCAGATTGTGTATCGCAAAGCCTGGGGAGCGGCGAAAAAGTACGATGGCAGCGTATTGATGGAACAGCCTGTCAAAGCCACCACCGGGACGCTGTATGACCTGGCTTCCAATACCAAGATGTACGCCACTGACTTTGCTCTGCAAAAGCTAATGAGCGAAGGCAAGCTGCATCCTGACGATCGGATTGCGAAATATATTCCGGGGTTTGCCGATAGTCCAAATGACACCATTAAAGGCAAAAACACCCTGCGGATTTCTGACCTGCTGCATCACAGCGGCGGTTTCCCGGCAGATCCGCAATACCCGAATAAAGCGGTCGCGGGCGCGTTATATTCCCAGGATAAAGGCCAGACGCTGGAGATGATCAAGCACACGCCGCTCGAATATCAGCCTGGCAGCAAGCATATCTACAGCGATGTCGATTATATGCTGCTTGGATTTATCGTCGAGTCGGTTACCGGTCAGCCGCTTGACCGCTATGTTGAAGAGTCGATTTATCGCCCGCTCGGTCTGACGCATACGGTGTTTAATCCGCTTCTGAAAGGCTTTAAACCGCAACAAATTGCCGCCACGGAATTGAACGGCAATACCCGCGATGGCGTGATCCACTTCCCGAATATCCGCACTTCCACTCTCTGGGGTCAAGTGCACGATGAAAAAGCATTCTATTCGATGGGTGGCGTTTCCGGGCACGCAGGTTTGTTTTCCAATACCGGCGATATTGCGGTGTTAATGCAAACGATGCTGAACGGCGGCGGCTATGGCGATGTGCAGCTGTTCAGTGCGGAAACGGTGAAGATGTTCACCACCAGCTCAAAGGAAGACGCCACTTTTGGCCTTGGCTGGCGAGTCAATGGTAATGCCACCATGACGCCGACGTTTGGCACGCTGGCAAGCCCGCAAACCTACGGTCACACTGGCTGGACCGGGACAGTAATCGTTATCGATCCGGTCAATCATATGGCGATTGTGATGTTAAGCAACAAGCCCCATTCGCCAGTTGCCGATCCACAAAAAAATCCCAATATGTTCGAAAGCGGTCAGTTACCGAT
gb|AP012030.1|-|395553-396711|ARO:3004612|Escherichia_coli_ampH [Escherichia coli DH1] 	0,309	368,1103	501,0	869,794	1158	2191090-;4839-	368;794	TTGAAACGTAGTCTGCTTTTTTCTGCCGTGCTGTATGCGGCGTCATTGACCTCCGTCCATGCGGCGCAGCCGATCACTGAACCGGAGTTTGCCTCTGATATTGTTGATCGTTATGCCGATCATATTTTTTACGGCAGCGGTGCCACGGGGATGGCGCTGGTTGTTATCGACGGTAACCAGCGCGTCTTTCGCAGTTATGGCGAAACGCGACCTGGTAATAACGTTCGCCCGCAGCTGGATTCCGTCATACGTATTGCTTCCCTCACCAAGTTAATGACCAGTGAGATGCTGGTGAAATTGCTCGACCAGGGGACCGTGAAGTTAAACGATCCGCTAAGTAAATATGCTCCGCCAGGCGCACGCGTACC;GGGACCGTGAAGTTAAACGATCCGCTAAGTAAATATGCTCCGCCAAGCGCACGCGTGCCAACCTACAATGGGACGCCCATTACGCTGGTGAATTTGGCAACCCATACCAGCGCCCTGCCCCGTGAACAGCCCGGTGGCGCGGCACATCGTCCGGTGTTTGTCTGGCCAACGCGCGAGCAACGCTGGAAATACCTTTCTACGACGAAGCTGAAAGCCGCGCCAGGCAGTCAGGCGGCGTACTCTAACCTTGCGTTCGACCTGCTGGCTGATGCACTGGCGAATGCGTCCGGCAAGCCTTATACCCAGTTGTTTGAAGAGCAGATTACCCGTCCGTTGGGGATGAAAGACACCACCTACACCCCCTCACCGGATCAGTGCCGCCGTTTAATGGTTGCTGAGCGCGGTGCCAGTCCGTGCAATAACACGCTGGCGGCAATTGGCAGCGGCGGCGTCTATTCCACGCCAGGCGATATGATGCGCTGGATGCAGCAGTATTTGTCATCTGATTTTTATCAGCGCAGTAACCAGGCTGATCGCATGCAGACGTTGATTTATCAGCGCGCGCAGTTTACGAAAGTGATTGGCATGGATGTCCCCGGCAAAGCGGATGCGCTTGGTTTAGGCTGGGTATATATGGCCCCGAAAGAGGGTCGTCCGGGGATTATTCAGAAGACAGGTGGTGGTGGCGGTTTCATTACCTATATGGCGATGATCCCGCAGAAGAATATTGGCGCGTTTGTGGTGGTCACTCGTTCGCCGTTGACGCGCTTTAAAAATATGAGCGATGGCATCAA
gb|AE016877.1|+|1972251-1972668|ARO:3000172|FosB [Bacillus cereus ATCC 14579] 	0	362	310	672	417	15445+	362	TTGTTAAGGGGAATCAATCATATTTGTTTTTCGGTATCTAATTTAGAAAACTCTATTATGTTTTATGAAAAAGTATTAGAAGGAGAATTATTAGTTAAAGGAAGAAAATTGGCTTATTTTAACATATGTGGAGTATGGATAGCGCTTAATGAAGAGACGCATATTTCGAGAAATGAGATTCATCAATCTTATACGCACATTGCATTTTCTGTTGAACAAGAAGACTTTAAATGTCTAATACAGCGATTAGAAGAAAATGATGTTCATATTTTACAAGGAAGAGAACGTGATGTAAGAGATTACGAATCTATATACTTTGTTGATCCTGACGGTCATAAATTTGAGTTTCACTCAGGGACACT
gb|APRY01000059.1|+|64996-65827|ARO:3001740|OXA-285 [Acinetobacter sp. CIP 64.7] 	0	776	1755	2531	831	788032-	776	ATGAAAATTCTGATTTTGCTACCTTTACTGAGTTGCTTGGGCCTGACAGCGTGTACCTCACCTGTTTCATCTTTCCCTTCTCAGATCACTTCAACTCAATCGACTCAAGCCATTGCCCAATTATTTGATCAGGCGCAAAGTTCTGGCGTTTTAGTGATTCAGCGTGGTCAAAAAGTACAGGTCTATGGCAATGATTTAAGCCGTGCAGGTACCGAATATGTTCCAGCCTCTACTTTCAAAATGCTCAATGCCCTGATTGGTCTACAACATGGTAAAGCCACAACCAATGAGATTTTTAAATGGGATGGCAAGAAACGCAGTTTTGCAGCCTGGGAAAAAGACATGACGCTCGGCGAAGCCATGCAAGCTTCTGCTGTACCCGTCTATCAGGAACTGGCACGTCATATTGGTTTGGAATTAATGCAGCAGGAAGTACAACGCATCCAATTTGGTAATCAGCAGATTGGTCAGCAGGTCGATAACTTCTGGTTGGTAGGCCCTTTGAAAATCACTCCAAAACAGGAAGTCGAATTTGTCTCTGCTCTAGCCCGAGAGCAACTAGCCTTTGATCCTCAAGTCCAGCAGCAAGTTAAAGCCATGTTACTTTTACAGGAACGGCAAGCTTATCGCCTATATGCCAAATCCGGTTGGGGCATGGATGTACAACCTCAAGTCGGCTGGCTTACCGGCTGGGTTGAAACACCGCAAGCCGAGATCGTGTCATTTTCACTGAATATGCAGATGCAAAATGGTATGGATCCGGCGATCCGCCTTGA
gb|AJ276031.1|+|111-906|ARO:3004837|OXA-724 [Aeromonas hydrophila] 	0	740	10993	11733	795	946235-	740	ATGTCCCGCCTTCTGTTATCCGGCCTGCTCGGCGCAGGCCTGCTGTTTTCGCTGCCTGCCAGCGCCGCCACCGGCTGCTTTCTCTATGCCGACGGCAACGGCCAGACCCTCTCCAGCGAAGGGGATTGTTCAAGCCAGCTGCCACCCGCGTCCACCTTCAAAATCCCGCTGGCGCTGATGGGTTATGACAGCGGCTTTCTGGTAGACGAAGAGCACCCGGCACTGCCCTTCAAGCCGGGTTACGACGACTGGCTGCCCGCCTGGCGGGAGACCACCACCCCGCGCCGCTGGGAAACCTACTCGGTGGTCTGGTTCTCCCAGCAGATCACCGAATGGCTGGGGATGGATCGCTTCCAGCAGTACGTCGACCGTTTCGACTACGGCAACCGGGATCTCTCCGGCAACCCCGGCAAACACGACGGTCTGACCCAGGCCTGGCTCAGCTCCAGCCTGGCCATCAGTCCAGAGGAGCAGGCCCGCTTCCTCGGCAAGATGGTGAGCGGCAAGCTGCCGGTGTCGGCGCAGACCCTGCAGTACACCGCCAACATCCTCAAGGTGAGCGAGATCGACGGCTGGCAAATCCACGGCAAGACCGGCATGGGCTATCCGAAGAAGCTGGATGGCAGCCTCAACCGGGATCAGCAGATCGGCTGGTTCGTCGGCTGGGCCAGCAAACCGGGCAAGCAGCTCATCTTTGTCCACACCGTGGTGCAGAAACCCGGCAAGCAGTTTGCCTCCCT
gb|AF550679.1|-|80976-81768|ARO:3002601|aadA [Escherichia coli] 	0	704	553	1257	792	28874510+	704	ATGAGGGAAGCGGTGATCGCCGAAGTATCGACTCAACTATCAGAGGTAGTTGGCGTCATCGAGCGCCATCTCGAACCGACGTTGCTGGCCGTACATTTGTACGGCTCCGCAGTGGATGGCGGCCTGAAGCCACACAGTGATATTGATTTGCTGGTTACGGTGACCGTAAGGCTTGATGAAACAACGCGGCGAGCTTTGATCAACGACCTTTTGGAAACTTCGGCTTCCCCTGGAGAGAGCGAGATTCTCCGCGCTGTAGAAGTCACCATTGTTGTGCACGACGACATCATTCCGTGGCGTTATCCAGCTAAGCGCGAACTGCAATTTGGAGAATGGCAGCGCAATGACATTCTTGCAGGTATCTTCGAGCCAGCGACGATCGACATTGATCTGGCTATCTTGCTGACAAAAGCAAGAGAACATAGCGTTGCCTTGGTAGGTCCAGCGGCGGAGGAACTCTTTGATCCGGTTCCTGAACAGGATCTATTTGAGGCGCTAAATGAAACCTTAACGCTATGGAACTCGCCGCCCGACTGGGCTGGCGATGAGCGAAATGTAGTGCTTACGTTGTCCCGCATTTGGTACAGCGCAGTAACCGGCAAAATCGCGCCGAAGGATGTCGCTGCCGACTGGGCAATGGAGCGCCTGCCGGCCCAGTATCAGCCCGTCATACTTGAAGCTAGACAGGCTTATCTTGGACAAGA
gb|DQ393783|+|1799-2591|ARO:3002615|aadA15 [Pseudomonas aeruginosa] 	0	692	553	1245	792	28874510+	692	ATGAGGGAAGCGGTGATCGCCGAAGTATCGACTCAACTATCAGAGGTAGTTGGCGTCATCGAGCGCCATCTCGAACCGACGTTGCTGGCCGTACATTTGTACGGCTCCGCAGTGGATGGCGGCCTGAAGCCACACAGTGATATTGATTTGCTGGTTACGGTGACCGTAAGGCTTGATGAAACAACGCGGCGAGCTTTGATCAACGACCTTTTGGAAACTTCGGCTTCCCCTGGAGAGAGCGAGATTCTCCGCGCTGTAGAAGTCACCATTGTTGTGCACGACGACATCATTCCGTGGCGTTATCCAGCTAAGCGCGAACTGCAATTTGGAGAATGGCAGCGCAATGACATTCTTGCAGGTATCTTCGAGCCAGCGACGATCGACATTGATCTGGCTATCTTGCTGACAAAAGCAAGAGAACATAGCGTTGCCTTGGTAGGTCCAGCGGCGGAGGAACTCTTTGATCCGGTTCCTGAACAGGATCTATTTGAGGCGCTAAATGAAACCTTAACGCTATGGAACTCGCCGCCCGACTGGGCTGGCGATGAGCGAAATGTAGTGCTTACGTTGTCCCGCATTTGGTACAGCGCAGTAACCGGCAAAATCGCGCCGAAGGATGTCGCTGCCGACTGGGCAATGGAGCGCCTGCCGGCCCAGTATCAGCCCGTCATACTTGAAGCTAGACAGGCTTA
gb|AY171244|+|46-838|ARO:3002618|aadA21 [Salmonella enterica subsp. enterica serovar Typhimurium] 	0	704	553	1257	792	28874510+	704	ATGAGGGAAGCGGTGATCGCCGAAGTATCGACTCAACTATCAGAGGTAGTTGGCGTCATCGAGCGCCATCTCGAACCGACGTTGCTGGCCGTACATTTGTACGGCTCCGCAGTGGATGGCGGCCTGAAGCCACACAGTGATATTGATTTGCTGGTTACGGTGACCGTAAGGCTTGATGAAACAACGCGGCGAGCTTTGATCAACGACCTTTTGGAAACTTCGGCTTCCCCTGGAGAGAGCGAGATTCTCCGCGCTGTAGAAGTCACCATTGTTGTGCACGACGACATCATTCCGTGGCGTTATCCAGCTAAGCGCGAACTGCAATTTGGAGAATGGCAGCGCAATGACATTCTTGCAGGTATCTTCGAGCCAGCGACGATCGACATTGATCTGGCTATCTTGCTGACAAAAGCAAGAGAACATAGCGTTGCCTTGGTAGGTCCAGCGGCGGAGGAACTCTTTGATCCGGTTCCTGAACAGGATCTATTTGAGGCGCTAAATGAAACCTTAACGCTATGGAACTCGCCGCCCGACTGGGCTGGCGATGAGCGAAATGTAGTGCTTACGTTGTCCCGCATTTGGTACAGCGCAGTAACCGGCAAAATCGCGCCGAAGGATGTCGCTGCCGACTGGGCAATGGAGCGCCTGCCGGCCCAGTATCAGCCCGTCATACTTGAAGCTAGACAGGCTTATCTTGGACAAGA
gb|AM261837|+|73-865|ARO:3002619|aadA22 [Salmonella enterica subsp. enterica serovar Typhimurium] 	0	704	553	1257	792	28874510+	704	ATGAGGGAAGCGGTGATCGCCGAAGTATCGACTCAACTATCAGAGGTAGTTGGCGTCATCGAGCGCCATCTCGAACCGACGTTGCTGGCCGTACATTTGTACGGCTCCGCAGTGGATGGCGGCCTGAAGCCACACAGTGATATTGATTTGCTGGTTACGGTGACCGTAAGGCTTGATGAAACAACGCGGCGAGCTTTGATCAACGACCTTTTGGAAACTTCGGCTTCCCCTGGAGAGAGCGAGATTCTCCGCGCTGTAGAAGTCACCATTGTTGTGCACGACGACATCATTCCGTGGCGTTATCCAGCTAAGCGCGAACTGCAATTTGGAGAATGGCAGCGCAATGACATTCTTGCAGGTATCTTCGAGCCAGCGACGATCGACATTGATCTGGCTATCTTGCTGACAAAAGCAAGAGAACATAGCGTTGCCTTGGTAGGTCCAGCGGCGGAGGAACTCTTTGATCCGGTTCCTGAACAGGATCTATTTGAGGCGCTAAATGAAACCTTAACGCTATGGAACTCGCCGCCCGACTGGGCTGGCGATGAGCGAAATGTAGTGCTTACGTTGTCCCGCATTTGGTACAGCGCAGTAACCGGCAAAATCGCGCCGAAGGATGTCGCTGCCGACTGGGCAATGGAGCGCCTGCCGGCCCAGTATCAGCCCGTCATACTTGAAGCTAGACAGGCTTATCTTGGACAAGA
gb|AJ809407|+|118-898|ARO:3002620|aadA23 [Salmonella enterica subsp. enterica serovar Agona] 	15	692	580	1257	780	28874510+	677	TCGACTCAACTATCAGAGGTAGTTGGCGTCATCGAGCGCCATCTCGAACCGACGTTGCTGGCCGTACATTTGTACGGCTCCGCAGTGGATGGCGGCCTGAAGCCACACAGTGATATTGATTTGCTGGTTACGGTGACCGTAAGGCTTGATGAAACAACGCGGCGAGCTTTGATCAACGACCTTTTGGAAACTTCGGCTTCCCCTGGAGAGAGCGAGATTCTCCGCGCTGTAGAAGTCACCATTGTTGTGCACGACGACATCATTCCGTGGCGTTATCCAGCTAAGCGCGAACTGCAATTTGGAGAATGGCAGCGCAATGACATTCTTGCAGGTATCTTCGAGCCAGCGACGATCGACATTGATCTGGCTATCTTGCTGACAAAAGCAAGAGAACATAGCGTTGCCTTGGTAGGTCCAGCGGCGGAGGAACTCTTTGATCCGGTTCCTGAACAGGATCTATTTGAGGCGCTAAATGAAACCTTAACGCTATGGAACTCGCCGCCCGACTGGGCTGGCGATGAGCGAAATGTAGTGCTTACGTTGTCCCGCATTTGGTACAGCGCAGTAACCGGCAAAATCGCGCCGAAGGATGTCGCTGCCGACTGGGCAATGGAGCGCCTGCCGGCCCAGTATCAGCCCGTCATACTTGAAGCTAGACAGGCTTATCTTGGACAAGA
gb|DQ677333|+|0-780|ARO:3002621|aadA24 [Salmonella enterica subsp. enterica serovar Newport] 	15	692	580	1257	780	28874510+	677	TCGACTCAACTATCAGAGGTAGTTGGCGTCATCGAGCGCCATCTCGAACCGACGTTGCTGGCCGTACATTTGTACGGCTCCGCAGTGGATGGCGGCCTGAAGCCACACAGTGATATTGATTTGCTGGTTACGGTGACCGTAAGGCTTGATGAAACAACGCGGCGAGCTTTGATCAACGACCTTTTGGAAACTTCGGCTTCCCCTGGAGAGAGCGAGATTCTCCGCGCTGTAGAAGTCACCATTGTTGTGCACGACGACATCATTCCGTGGCGTTATCCAGCTAAGCGCGAACTGCAATTTGGAGAATGGCAGCGCAATGACATTCTTGCAGGTATCTTCGAGCCAGCGACGATCGACATTGATCTGGCTATCTTGCTGACAAAAGCAAGAGAACATAGCGTTGCCTTGGTAGGTCCAGCGGCGGAGGAACTCTTTGATCCGGTTCCTGAACAGGATCTATTTGAGGCGCTAAATGAAACCTTAACGCTATGGAACTCGCCGCCCGACTGGGCTGGCGATGAGCGAAATGTAGTGCTTACGTTGTCCCGCATTTGGTACAGCGCAGTAACCGGCAAAATCGCGCCGAAGGATGTCGCTGCCGACTGGGCAATGGAGCGCCTGCCGGCCCAGTATCAGCCCGTCATACTTGAAGCTAGACAGGCTTATCTTGGACAAGA
gb|AL009126|-|2735681-2736536|ARO:3002627|aadK [Bacillus subtilis subsp. subtilis str. 168] 	0	800	424325	425125	855	2117722+	800	ATGCGAAGTGAGCAGGAAATGATGGACATTTTCTTGGACTTTGCTTTGAACGATGAGAGAATCCGATTGGTCACTTTGGAAGGGTCACGTACAAACAGAAATATCCCTCCTGACAACTTCCAAGATTATGACATCTCGTATTTTGTAACTGATGTAGAATCTTTTAAAGAAAATGATCAGTGGCTCGAAATCTTTGGGAAGCGCATTATGATGCAAAAACCAGAAGATATGGAGCTTTTTCCTCCCGAATTAGGTAATTGGTTTTCATACATCATTCTTTTTGAGGATGGCAACAAATTAGATCTAACCCTTATTCCAATTCGTGAAGCAGAAGATTATTTTGCTAATAACGATGGTTTGGTTAAGGTCTTGCTCGATAAGGATTCGTTCATCAACTATAAAGTGACCCCAAATGATCGCCAATACTGGATGAAAAAGCCGACTGCAAGGGAATTTGATGATTGCTGTAATGAGTTCTGGATGGTTTCGACTTACGTAGTAAAAGGACTAGCAAGAAATGAAATCCTTTTTGCCATTGACCATTTAAATGAAATTGTACGTCCTAATTTATTGAGAATGATGGCCTGGCATATCGCATCTCAGAAAGGGTATTCATTTAGTATGGGGAAGAACTATAAATTTATGAAACGGTACCTTTCATATAAAGAATGGGAGAAACTCATGTCTACATATTCTGTGAATGGGTATCAGGAAATGTGGAAGTCTTTATTTACTTGCTATGCATTATTTAGAAAGTATTCAAAAGCTGTATCAGAAAGTCTTGCATATCAGTATCCTGA
gb|U00096.3|-|3203309-3204131|ARO:3002986|bacA [Escherichia coli str. K-12 substr. MG1655] 	44,527	546,741	0,0	502,214	822	245906+;21794622+	502;214	GGTCGAAGGATTGACAGAATTTCTGCCGGTATCCAGCACGGGCCATATGATTATTGTCGGTCACTTGTTGGGGTTTGAGGGCGACACGGCGAAAACCTTTGAAGTCGTGATCCAGTTAGGATCAATTCTGGCGGTAGTAGTGATGTTCTGGCGGCGTCTGTTTGGCCTGATTGGCATCCACTTTGGTCGCCCGTTGCAGCACGAAGGAGAAAGCAAAGGTCGTTTAACGCTGATCCACATCTTGCTGGGGATGATTCCGGCGGTGGTACTGGGGCTGTTGTTCCACGACACGATTAAATCATTGTTTAACCCGATAAATGTCATGTATGCACTGGTCGTTGGCGGTCTGTTGCTGATTGCCGCCGAATGCCTGAAGCCGAAAGAGCCGCGTGCGCCGGGTCTTGATGATATGACCTATCGTCAGGCGTTTATGATTGGCTGTTTCCAGTGTCTGGCGCTGTGGCCGGGTTTCTCCCGTTCCGGGGCGACCATTTCAGGTGGG;GGCGACCATTTCAGGTGGGATGATGATGGGGGTGAGCCGTTACGCTGCTTCCGAGTTCTCGTTCCTGCTGGCGGTGCCGATGATGATGGGCGCAACGGCGCTCGATCTCTACAAAAGCTGGGGCTTCCTGACTACCGGCGATATCCCGATGTTTGCCGTTGGGTTTATCACCGCTTTTGTGGTGGCGCTGATAGCGATTAAAACCTTCCTGCAA
gb|U60294|+|0-765|ARO:3003099|cphA2 [Aeromonas hydrophila] 	0	710	157109	157819	765	49189-	710	ATGATGAAAGGTTGGATGAAGTGCGGGCTGGCCGGGGCCCTGGTGCTGATGGCGAGTTTCTGGGGTGGCAGCGTGCGGGCGGCGGGGATGTCGCTGACGCAGGTGAGCGGCCCTGTCTATGTTGTCGAAGATAACTACTACGTACAGGAAAACTCCATGGTCTATTTCGGGGCCAAGGGGGTGACGGTAGTGGGGGCGACCTGGACGCCGGATACCGCCCGCGAGCTGCACAAGCTGATCAAACGGGTGAGCCGCAAGCCGGTGCTGGAGGTGATCAACACCAACTACCACACCGACCGGGCGGGCGGTAACGCCTACTGGAAGTCCATCGGGGCCAAGGTGGTATCGACGCGCCAGACCCGGGATCTGATGAAGAGCGACTGGGCCGAGATTGTCGCCTTTACCCGCAAGGGGTTGCCGGAGTACCCGGATCTGCCGCTGGTGCTGCCCAACGTGGTGCACGATGGCGACTTCACCCTGCAAGAGGGCAAGCTGCGCGCCTTCTACCTGGGCCCGGCTCACACCCCGGACGGCATCTTTGTCTACTTCCCCGACCAGCAGGTGCTCTATGGCAACTGCATCCTCAAGGAGAAGCTGGGCAACCTGAGCTTTGCCGATGTGAAGGCCTATCCACAGACACTTGAGCGGCTCAAGGCGATGAAGCTGCCGATCAAGACGGTGGTGGGCGGTCACGACTCGCCGCTGCACGG
gb|AP009048|-|4338624-4340268|ARO:3003576|eptA [Escherichia coli str. K-12 substr. W3110] 	0,370	1589,787	2701,0	1219,417	1644	117799-,1321+;29110204-	370,1219;417	ATGTTGAAGCGCCTACTAAAAAGACCCTCTTTGAATTTACTCGCCTGGCTATTGTTAGCCGCTTTTTATATCTCTATCTGCCTGAATATTGCCTTTTTTAAACAGGTGTTGCAGGCGCTGCCGCTGGACTCGCTGCATAACGTACTGGTTTTCTTGTCGATGCCGGTCGTCGCCTTCAGCGTGATTAATATTGTCCTGACACTAAGCTCTTTCTTGTGGCTTAATCGACCGCTGGCCTGCCTGTTTATTCTGGTTGGCGCGGCTGCACAATATTTCATAATGACTTACGGCATCGTCATCGACCGCTCGATGATTGCCAATATTATTGATACCACTCCGGCAGAAAGTTATGCGTTGATGACGCCGCAAATGTTATTAACGCTGGGATTCAGCGGCGTGCTTGCTGCGCTGATTGCCTGCTGGATCAAAATCAAACCCACCACCTCACGCCTGCGCAGCGTTCTTTTCCGCGGGGCCAACATCCTGATTTCTGTACTGCTGATTCTGCTGGTTGCCGCACTGTTCTACAAAGACTATGCATCGCTGTTTCGCAACAACAAAGAACTGGTGAAATCCTTAAGCCCGTCCAACAGCATTGTTGCTAGCTGGTCGTGGTACTCTCACCAGCGGTCAGCCAACCTGCCACTGATACGCATTGGTGAAGATGCTCACCGCAACCCATTAATGCAAAATGGGAAACGCAAAAACCTGACCATTTTGATCGTCGGAGAAACGTCGCGCGCAGAGAATTTCTCGCTGAATGGTTATCCACGCGAAACCAATCCTCGCCTGGCAAAAGATAACGTGGTCTATTTCCCTAATACCGCCTCTTGTGGCACAGCAACAGCCGTCTCAGTGCCGTGCATGTTCTCGGATATGCCGCGTGAGCACTACAAAGAAGAGCTGGCACAGCACCAGGAAGGCGTGCTGGATATCATTCAGCGAGCGGGCATCAACGTGCTGTGGAATGACAACGATGGCGGCTGTAAAGGCGTTTGCGATCGCGTACCTCACCAGAACGTCACCGCGCTGAACCTGCCTGGTCAGTGCATCAACGGCGAATGCTATGACGAAGTGCTGTTCCACGGGCTGGAAGAGTACATCAATAATCTGCAAAGCGATGGCCTCATTGTATTACACACTATCGGCAGCCACGGCCCGACCTATTACAACCGCTATCCGCCGCAGTTCAGGAAATTTACCCCAACCTGCGACACTAACGAGATCCAGACCTGTACCCAAGAGCAACTGGTGAACACTTACGACAACACGCTGGTTTACGTCGACTATATTGTTGATAAAGCGATTAATCTGCTGAAAGAACATCAGGATAAATTTACCACCAGCCTGGTTTATCTTTCTGACCACGGTGAATCGTTAGGTGAAAATGGCATCTATCTGCACGGTCTGCCTTATGCCATCGCCCCGGATAGCCAAAAACAGGTGCCGATGCTGCTGTGGCTGTCGGAGGATTATCAAAAACGGTATCAGGTTGACCAGAACTGCCTGCAAAAACAGGCGCAAACGCAACACTATTCACAAGACAATTTATTCTCAACCTTATTGGGCCTGACTGGCGTTGAGACGAA;TGTTATTAACGCTGGGATTCAGCGGCGTGCTTGCTGCGCTGATTGCCTGCTGGATAAAAATCAAACCTGCCACCTCGCGTCTGCGCAGTGTTCTTTTCCGTGGAGCCAATATTCTGGTTTCTGTACTACTGATTTTGCTGGTCGCCTCACTGTTTTATAAAGACTACGCCTCGTTGTTCCGCAATAACAAAGAGCTGGTGAAATCCTTAAGCCCCTCTAACAGCATTGTTGCCAGCTGGTCATGGTACTCCCATCAGCGACTGGCAAATCTACCGCTGGTGCGAATTGGTGAAGACGCCCACCGCAACCCGTTAATGCAGAACGAAAAACGTAAAAATTTGACCATCCTGATTGTCGGCGAAACCTCGCGGGCGGAGAACTTCTCCCTCAACGGCTACCCGCGTGAAAGTAACCCGC
gb|AJ548797|+|923-1688|ARO:3003094|imiH [Aeromonas hydrophila] 	0	710	157109	157819	765	49189-	710	ATGATGAAAGGTTGGATGAAGTGCGGGCTGGCCGGGGCCCTGGTGCTGATGGCGAGTTTCTGGGGTGGCAGCGTGCGGGCGGCGGGGATGTCGCTGACGCAGGTGAGCGGCCCTGTCTATGTTGTCGAAGATAACTACTACGTACAGGAAAACTCCATGGTCTATTTCGGGGCCAAGGGGGTGACGGTAGTGGGGGCGACCTGGACGCCGGATACCGCCCGCGAGCTGCACAAGCTGATCAAACGGGTGAGCCGCAAGCCGGTGCTGGAGGTGATCAACACCAACTACCACACCGACCGGGCGGGCGGTAACGCCTACTGGAAGTCCATCGGGGCCAAGGTGGTATCGACGCGCCAGACCCGGGATCTGATGAAGAGCGACTGGGCCGAGATTGTCGCCTTTACCCGCAAGGGGTTGCCGGAGTACCCGGATCTGCCGCTGGTGCTGCCCAACGTGGTGCACGATGGCGACTTCACCCTGCAAGAGGGCAAGCTGCGCGCCTTCTACCTGGGCCCGGCTCACACCCCGGACGGCATCTTTGTCTACTTCCCCGACCAGCAGGTGCTCTATGGCAACTGCATCCTCAAGGAGAAGCTGGGCAACCTGAGCTTTGCCGATGTGAAGGCCTATCCACAGACACTTGAGCGGCTCAAGGCGATGAAGCTGCCGATCAAGACGGTGGTGGGCGGTCACGACTCGCCGCTGCACGG
gb|U00096.3|-|721055-721733|ARO:3003841|kdpE [Escherichia coli str. K-12 substr. MG1655] 	0	618	194	812	678	75074+	618	GTGACAAACGTTCTGATTGTTGAAGATGAACAGGCTATTCGTCGCTTTCTGCGCACGGCGCTGGAGGGCGACGGTATGCGCGTCTTTGAGGCCGAAACGCTGCAACGCGGCTTGCTGGAAGCGGCAACCCGTAAGCCAGATTTGATTATTCTCGATCTCGGCCTGCCCGACGGTGATGGGATTGAGTTTATCCGCGACCTGCGCCAGTGGAGCGCGGTGCCGGTGATTGTGCTTTCCGCACGCAGCGAAGAGAGCGATAAAATCGCCGCGCTGGATGCCGGAGCGGATGATTATCTGAGTAAGCCGTTTGGCATTGGCGAATTGCAGGCCCGTCTGCGCGTCGCATTACGCCGCCACTCCGCCACCACCACGCCCGATCCGCTGGTGAAATTTTCCGATGTTACCGTCGATTTAGCAGCTCGTGTGATCCATCGGGGCGAGGAAGAGGTGCATCTCACCCCGATTGAGTTCCGCCTGCTGGCAGTGTTGCTTAATAATGCGGGAAAAGTGCTCACCCAGCGCCAGCTCCTCAACCAGGTGTGGGGGCCAAACGCGGTCGAACACAGTCATTATTTGCGTATTTATATGGGGCATCTGCGACAAAAACTGGAGCAGGAT
gb|AJ579365.1|+|4149-5628|ARO:3003111|lsaB [Staphylococcus sciuri] 	0	1420	1200	2620	1479	28670955-	1420	ATGTCAATGATACAAGTACAAAATTTAACTTTCTCTTATCCGAGTAGTTTTGATAATATTTTTGAAGATATAAGCTTTCAAATTGATACAGATTGGAAGCTTGGATTTATTGGTCGAAATGGACGAGGGAAAACAACGTTCTTTAATTTATTACTAGGTAAATTTGAATATAAGGGGAAAATCATTTCTTCGGTCGATTTTAACTACTTCCCATATCCAGTAGAAGATAAAAGTAAGTATACGCATGAAATTTTAGAAGAAATATGCCCTCAAGCTGAGGACTGGGAATTTCTTCGAGAAATAGCTTATTTAAATGTGGATGCCGAAGCCATGTACCGCCCATTTGAAACTTTATCAAACGGTGAACAAACAAAGGTATTGCTTGCTGCTCTATTTTTAAACGAAGGGCAATTTTTATTAATTGATGAACCAACAAATCATTTAGATACTGAAGCTCGTAAGATGGTTTCTAATTACTTGAGGAAGAAAAAAGGGTTTATTTTAATTTCTCATGACCGTAACTTTTTAGATGGTTGTGTTGATCATATCTTGTCTATAAATAGAGCAGATATTGAGGTTCAAAGTGGAAATTATTCTTCATGGAAGTTGAACTTTGACCGACAGCAGGAACATGAACAAGCAACAAATGAACGCTTGCAGAAGGATATTGGACGGTTAAATCAATCTTCAAAACGTTCGGCTGGTTGGTCTAACCAAGTCGAAGCTTCAAAAAATGCAACAACGAATTCTGGTTCTAAATTGGACAAAGGTTTTGTAGGGCATAAAGCAGCAAAATTGATGAAACGCTCTAAGAACCTTGAGGCTCGACAACAAAAAGCGATTGAAGAAAAGTCGAAGCTTCTAAAAAACATTGAAAAAACGGAGTCCTTACAGTTAGAATCGATGGAATATAAATCGAAGGAACTCATTCAATTAACAGATGTGTCTGTAATGTATGATGGTCAAGTTGTCAACAAACCAATAAGTTTTAATGTTGAACAAGGAGATAGAATTGTACTGGACGGAAAGAACGGCAGTGGAAAAAGTAGTATTTTAAAATTAATTTTAGGCGATCCAATACAGCATACAGGCACGTCAAATAAGGGTTCTAATCTGATAATTTCTTATGTTCAGCAAGACACCTCTCATTTAAAGGGGATGCTATCTGACTTTATTGAAGAAAATGAGATTGATGAAACGTTGTTTAAGTCCATTTTGAGAAAGATGGATTTTGACCGAATACAGTTTGAAAAAGATATATCTCATTATTCAGGTGGTCAGAAGAAAAAATTGCTTATCGCTAAAAGTTTATGTGAAAAAGCTCACCTGTATATTTGGGATGAACCATTAAACTTTATTGATATTTACTCTCGCATGCAAATTGAAGAGCTTATTCAAACCTTTAATCCGACTATAGTTT
gb|CP010314.1|+|275837-276758|ARO:3004541|mphK [Bacillus subtilis subsp. subtilis] 	0	866	72780	73646	921	2066834+	866	ATGACAAACCTTAACGAAAAACCGCTTATCACTGAGATTGTCGGGCTTGCACGCAGCCAAGGTTTGACGGTTCATTCTGAGAACGCGCAATTGAATGAAACCGGAATGGACTTTCAAGTTGTATTTGCCAAGGACGACACAGGTATGCCATGGGTGCTGCGAAAACCGCGGCGAAGTGATGTTGTGGAAAGAGCATCTGCAGAAGGCATAACGCTTGCCTTTCTCCGCGCGAATCTGACTGCTGATGTGCCGGATTGGAGAATTCATACACCGGAATTGATCGCTTACCCAATGTTAAAAGGAACGCCGGCTGCTGGAATTGACTTGGAACAAAAGCAATATGTATGGAATATGGATCATCAGCCGCCGTCAGACGACTTTGTCCGCACACTTGCCGACATACTGGCTGAATTACATGGCACGGATCAAATATCTGCTGGGCAATCCGGAATAGAAGTGATAAGGCCAGAAGATTTCAGGCAAATGACAGCAGACTCTATGGTTGATGTGAAGAATAAGCTTGGCGTATCTACGACGCTTTGGGAAAGATGGCAAAAGTGGATAGATGATGATGCATACTGGCCGGGTTTCTCTTCTTTGATACACGGCGATCTCCACCCGCCGCATATCCTTATCGATCAAAATGGACGTGTCACAGGACTTCTGGATTGGACAGAAGCGAAGGTTGCTGACCCAGCTAAGGATTTTGTTCTTTATCAAACCATTTTCGGAGAAAAAGAAACTGCCCGTTTGCTTGAATACTATGATCAAGCAGGCGGCCGAATATGGGCAAAAATGCAGGAACACATTTCAGAGATGCAGGCGGCGTATCCGGTGGAAATCGCCAAGCTAGCTCTGCAAACACA
gb|U00096|+|2367070-2368039|ARO:3003578|pmrF [Escherichia coli str. K-12 substr. MG1655] 	0	914	1828	2742	969	116192-	914	ATGTTTGAAATCCACCCTGTTAAGAAAGTCTCGGTGGTTATTCCCGTTTATAACGAGCAGGAAAGCTTACCGGAATTAATCAGGCGCACCACCGCAGCCTGTGAATCACTGGGGAAAGAGTATGAAATCCTGCTGATTGATGACGGCAGTAGCGATAATTCCGCGCATATGCTGGTCGAAGCCTCACAAGCGGAGGGCAGCCATATTGTGTCTATCTTGCTTAACCGCAATTACGGGCAACATTCAGCGATTATGGCGGGATTCAGTCACGTCACCGGCGACTTAATTATTACCCTCGATGCCGATCTCCAGAATCCGCCAGAGGAAATCCCCCGTCTGGTGGCAAAAGCCGATGAAGGTTACGACGTGGTAGGGACTGTACGCCAGAACCGCCAGGACAGCTGGTTTCGTAAAACCGCTTCAAAGATGATTAACCGGCTTATTCAGCGCACCACAGGCAAAGCGATGGGTGACTATGGTTGTATGCTGCGCGCCTATCGCCGTCATATTGTCGATGCGATGTTGCACTGCCATGAACGCAGCACCTTTATCCCGATTCTGGCGAATATCTTCGCCCGCCGTGCCATTGAAATTCCAGTGCACCATGCCGAGCGTGAGTTTGGTGAATCCAAATACAGCTTTATGCGCCTGATTAATTTGATGTACGACCTGGTGACCTGTCTTACCACAACGCCGCTACGTATGTTGAGTTTGCTCGGCAGCATTATTGCGATTGGAGGTTTTAGCATTGCGGTGCTGCTGGTGATTTTACGCCTGACCTTCGGACCACAATGGGCGGCAGAAGGCGTCTTTATGCTATTTGCCGTGCTGTTTACTTTTATTGGCGCTCAGTTTATCGGCATGGGATTGCTCGGTGAATATATCGGCAGGATCTACACCGATGTCCGCGCCCG
gb|AY055428.1|-|20268-21084|ARO:3000412|sul2 [Vibrio cholerae] 	0	761	302	1063	816	48835-	761	ATGAATAAATCGCTCATCATTTTCGGCATCGTCAACATAACCTCGGACAGTTTCTCCGATGGAGGCCGGTATCTGGCGCCAGACGCAGCCATTGCGCAGGCGCGTAAGCTGATGGCCGAGGGGGCAGATGTGATCGACCTCGGTCCGGCATCCAGCAATCCCGACGCCGCGCCTGTTTCGTCCGACACAGAAATCGCGCGTATCGCGCCGGTGCTGGACGCGCTCAAGGCAGATGGCATTCCCGTCTCGCTCGACAGTTATCAACCCGCGACGCAAGCCTATGCCTTGTCGCGTGGTGTGGCCTATCTCAATGATATTCGCGGTTTTCCAGACGCTGCGTTCTATCCGCAATTGGCGAAATCATCTGCCAAACTCGTCGTTATGCATTCGGTGCAAGACGGGCAGGCAGATCGGCGCGAGGCACCCGCTGGCGACATCATGGATCACATTGCGGCGTTCTTTGACGCGCGCATCGCGGCGCTGACGGGTGCCGGTATCAAACGCAACCGCCTTGTCCTTGATCCCGGCATGGGGTTTTTTCTGGGGGCTGCTCCCGAAACCTCGCTCTCGGTGCTGGCGCGGTTCGATGAATTGCGGCTGCGCTTCGATTTGCCGGTGCTTCTGTCTGTTTCGCGCAAATCCTTTCTGCGCGCGCTCACAGGCCGTGGTCCGGGGGATGTCGGGGCCGCGACACTCGCTGCAGAGCTTGCCGCCGCCGCAGGTGGAGCTGACTTCATCCGCACACACGAGCCGCGCCCCTT
gb|EU722333.1|+|1932-3852|ARO:3000196|tet32 [Escherichia coli] 	201,453,949	476,912,1484	0,0,0	275,459,535	1920	28804732+;210894-;27733913+	275;459;535	TATAAAATCAATATCGTGGACACTCCCGGTCATATGGATTTTTTAACCGAAGCATACCGCTCTTTATCTGTCCTTGACGGAGCTGTTTTAGTCATTTCGGCAAAAGACGGCGTACAGGCAAAAACCCGTATATTATTCCATGCGCTTCAGAAAACGGACATTCCGACAATTATCTTTATAAATAAGATAGACCAAAATGGGATCGACCTGCGGCGTGTTTACCAAAGCATTAAAGATAAACTTACCAGTGATATGATTGTCATGCAGGAGGTTAC;ATGATTGTCATGCAGGAGGTTTCCCTGTCGCCAAAGATAACCATGACCGATATTTCTGATTTGGACAAATGGGATATGATTATTTCCGGAAGCGATGAACTATTAGAACGATATGTTGCAGAGGATTCTTTGGATATACAGGAATTACAATATGAAAAGTGCAAAAGAACCAGATGCTGCTCTTTGTTTCCTGTTTATCATGGGAGTGCAAAAGACAATTTAGGAACAGAAAAACTGATTGAAGCGATTACAGAAACTTTCATTACAGAAACCGACGATATTCAGTCTGAATTATGTGGATATGTTTTTAAGGTTGAGTATACAGAGCGGAAAAAACGGCTTTCTTATTTACGCCTGTATCATGGGACGCTCCATTTACGGGATACCCTGCTGCTGTCAAAAAAGGAAAAAATAAAGATTACAGAAATGTGTATTCCGTCAAATGGTGAAATCGTCCCG;CTGATGATACTTTGAAACTGAACGACATTCTGGGAGATGAAAAACTCCTGCCTCACAAAACACGGATTGATAATCCCATGCCATTACTTCGGACAACGGTAGAGCCGCAAAAGCCGGAGCAAAGGGAAGCCCTGTTAAATGCCCTCACAGAGATTGCTGATACAGACCCTCTTTTGCATTTTGACATTGATACTGTTACACATGAGATTATATTATCTTTTTTGGGAAAAGTACAGTTAGAAGTTATTTGTTCGCTATTAGAAGAAAAATATCATGTGGGCGTGGCTATGAAAGAGCCTTCGGTTATTTATCTGGAAAGACCGTAAAAAAAAGCGAGCTACACGATTCATATTGAAGTGCCGCCGAATCCGTTTTGGGCATCTATTGGTTTGACTGTAACACCGATTCCTGTTGGAAGCGGAACACAATATAAAAGCGAGGTATCTCTCGGCTATTTAAACCAAAGTTTTCAAAATGCCGTCATGGAGGGTGTGCGTTATGGAATGGAGCAGGGGTTAAATGGCTGGGGAGTGAC
gb|AJ222769.3|+|3686-5606|ARO:3000194|tetW [Butyrivibrio fibrisolvens] 	0	1865	564	2429	1920	136860+	1865	ATGAAAATAATCAATATTGGAATTCTTGCCCATGTAGACGCTGGAAAGACGACCTTGACGGAGAGCCTGCTATATGCCAGCGGAGCCATTTCAGAACCGGGGAGCGTCGAAAAAGGGACAACGAGGACGGACACCATGTTTTTGGAGCGGCAGCGTGGGATTACCATTCAAGCGGCAGTCACTTCCTTCCAGTGGCACAGATGTAAAGTCAACATTGTGGATACGCCCGGCCACATGGATTTTTTGGCGGAGGTGTACCGCTCTTTGGCTGTTTTAGATGGGGCCATCTTGGTGATCTCCGCTAAAGATGGCGTGCAGGCCCAGACCCGTATTCTGTTCCATGCCCTGCGGAAAATGAACATTCCCACCGTTATCTTTATCAACAAGATCGACCAGGCTGGCGTTGATTTGCAGAGCGTGGTTCAGTCTGTTCGGGATAAGCTCTCCGCCGATATTATCATCAAGCAGACGGTGTCGCTGTCCCCGGAAATAGTCCTGGAGGAAAATACCGACATAGAAGCATGGGATGCGGTCATCGAAAATAACGATGAATTATTGGAAAAGTATATCGCAGGAGAACCAATCAGCCGGGAAAAACTTGCGCGGGAGGAACAGCAGCGGGTTCAAGACGCCTCCCTGTTCCCAGTCTATCATGGCAGCGCCAAAAATGGCCTTGGCATTCAACCGTTGATGGATGCGGTGACAGGGCTGTTCCAACCGATTGGGGAACAGGGGAGCGCCGCCCTATGCGGCAGCGTTTTCAAGGTGGAGTATACAGATTGCGGCCAGCGGCGTGTCTATCTACGGCTATACAGCGGAACGCTGCGCCTGCGGGATACGGTGGCCCTGGCCGGGAGAGAAAAGCTGAAAATCACAGAGATGCGTATTCCATCCAAAGGGGAAATTGTTCGGACAGACACCGCTTATCCGGGTGAAATTGTTATCCTTCCCAGCGACAGCGTGAGGTTAAACGATGTATTAGGGGACCCAACCCGGCTCCCTCGTAAAAGGTGGCGTGAGGACCCCCTCCCCATGCTGCGGACGTCGATTGCGCCGAAAACGGCAGCGCAAAGAGAACGGCTGCTGGACGCTCTTACGCAACTTGCGGATACTGACCCGCTTTTGCGCTGCGAGGTGGATTCCATCACCCATGAGATCATTCTTTCTTTTTTGGGCCGGGTGCAGTTGGAGGTTGTTTCCGCTTTGCTGTCGGAAAAATACAAGCTTGAAACAGTGGTAAAGGAACCCACCGTCATTTATATGGAGCGGCCGCTCAAAGCAGCCAGCCACACCATCCATATCGAGGTGCCGCCCAACCCGTTTTGGGCATCCATCGGACTGTCTGTTACACCACTCCCGCTTGGCTCCGGTGTACAATACGAGAGCCGGGTTTCGCTGGGATACTTGAACCAGAGTTTTCAAAACGCTGTCAGGGATGGTATCCGTTACGGGCTGGAGCAGGGCTTGTTCGGCTGGAACGTAACGGACTGTAAGATTTGCTTTGAATACGGGCTTTATTACAGTCCGGTCAGCACGCCGGCGGACTTCCGCTCATTGGCCCCGATTGTATTGGAACAGGCATTGAAGGAATCGGGGACGCAGCTGCTGGAACCTTATCTCTCCTTCATCCTCTATGCGCCCCAGGAATACCTTTCCAGGGCTTATCATGATGCACCGAAATACTGTGCCACCATCGAAACGGCCCAGGTAAAAAAGGATGAAGTTGTCTTTACTGGCGAGATTCCCGCCCGCTGTATACAGGCATACCGTACTGATCTGGCCTTTTACACCAACGGGCAGAGCGTATGCCTTACAGAACTGAAAGGGTATCAGGCCGCTGTCGGCAAGCCAGTCATCCAGCCCCG
